Total Print Distance,X-Printer 1,Y-Printer 1,X-Printer 2,Y-Printer 2,X-Printer 3,Y-Printer 3
247422.055843,299.41251917,445.461463355,592.676349996,363.03479015,92.3309626885,846.656207798
238401.107,480.335872212,323.750209728,337.593601266,607.926697425,689.600193665,614.42388749
268594.258173,430.542807393,154.072853051,263.83894228,687.299694595,301.533953415,833.365561678
291989.73597,519.282662809,390.362781814,447.652760354,479.878850302,568.423762467,740.947644693
465981.56109,725.293359935,21.2107902195,642.858098519,888.909329638,700.904458526,892.395166596
331128.575474,298.896969958,250.135869322,537.34208717,37.9757068969,592.952992576,912.880916852
271366.303449,463.918713154,149.28678341,159.292819552,615.574614093,228.101378238,983.685110203
445007.024233,71.3770130627,346.055611178,7.94215976911,617.470002436,230.006021471,846.241693932
429884.766373,389.117156411,129.275475673,411.6077893,7.10102095951,588.780488843,285.120997195
278095.194985,124.702433043,31.0897789048,645.189309062,277.200897373,418.512197287,703.180105424
305508.43341,136.956615069,299.230829145,403.284053827,209.485273984,505.920628063,559.315815751
278894.138059,257.736852557,251.111484214,560.92323387,97.0893947597,334.361894411,867.33767843
264517.983506,484.320292394,462.087664959,87.5881672993,847.619412469,516.157546689,864.803824776
294325.715001,409.708010798,166.935101807,365.429758161,456.907451506,63.4450922637,596.859053341
328832.618184,387.187192908,167.934597008,781.533686567,154.848373554,53.3752174249,904.84933622
336054.947567,325.359698352,548.762005415,151.568926726,655.24971201,439.026275968,758.988820949
294057.385585,283.318462044,597.360719375,580.802847806,566.195728209,437.678969437,956.431987193
300517.485891,355.711695729,76.9601269526,375.670170268,193.778937153,229.996965817,816.018265003
301138.999405,330.938838941,124.207284877,431.342372799,173.714348747,463.835418598,689.592281119
372339.500219,412.646677446,635.581385862,434.508209315,985.274722769,782.263053404,909.775064814
331152.612058,261.815113204,221.901128797,418.220160529,370.397126712,654.499816062,573.79056114
354507.07717,8.81879537194,142.32000139,767.112670051,49.4373432951,338.451727627,806.062548964
289991.814054,486.927122958,119.834699948,564.929443498,807.264706889,209.919273549,963.980056741
380800.038822,365.056581785,670.511413861,455.201892117,719.445003722,209.581093607,917.372853946
327731.538073,174.582547613,198.136990067,330.491362006,385.872049489,80.2120441643,753.376873826
450057.608373,1.80362816978,139.656929027,239.730063026,76.1302992834,180.764265903,431.74155278
371162.617473,51.0498856793,251.510380342,360.468140067,679.985021279,768.063540422,853.547887832
323781.627839,330.283012137,182.744967237,30.1938523072,564.030759808,249.958615315,608.426984032
279403.183227,560.951086089,81.0437899262,19.0002473243,673.293134278,470.02400078,615.364279423
341694.976642,466.435932581,17.3835252824,589.149903157,648.045511027,554.355316456,933.137613758
344428.521716,13.0841302738,332.257592798,414.261931621,303.498596278,301.570375328,434.621170667
309256.058509,438.351351725,363.72568748,609.981208341,666.39653624,781.388104693,465.688392954
390697.52997,66.7901533635,196.057201757,345.849805243,189.589092,732.707236983,787.123245723
244462.723456,552.503211673,151.485206696,91.58901424,592.148453979,620.304764292,504.32977248
291992.24183,270.055685032,68.5189878145,138.531519484,503.385718492,551.707193333,479.196374958
474602.499301,189.680588933,160.048763435,349.439735193,141.616373864,771.275422855,186.711010493
333224.944421,279.537626936,35.4717558846,396.623471649,350.916552921,34.8471828604,969.971439536
304068.426519,741.496696762,351.9675198,425.108473916,709.218246808,599.18161779,747.445295238
349953.935725,181.32673131,226.101052737,605.358484624,79.2278719081,634.711807652,913.694963612
315213.508156,412.864316614,291.692082977,587.508713675,18.610040453,608.797316482,954.472953915
397280.355295,156.044508367,225.955363509,429.471029479,66.8740987947,534.749378538,290.526605289
286753.779171,164.824897044,78.348115206,392.382313681,326.84533716,333.077558976,631.123171527
250493.505643,563.440802491,443.885589277,139.334405252,711.367305471,268.886415029,978.509022358
394138.628873,164.132992656,64.0793897275,323.360607903,759.357040565,15.4139740133,911.710931806
254698.4118,449.832734197,104.535184261,519.907984554,360.184588641,415.415111415,821.618485383
294666.083811,366.69047316,357.030389387,445.702694571,912.822503182,657.174643776,791.466060106
377937.406859,202.259459244,323.080286368,96.8496327483,402.195746196,280.312014259,941.73876464
286639.394411,305.446102327,422.686001354,388.128471133,399.203423612,296.196873705,649.88840505
339329.563934,424.987043274,576.094033496,388.209078625,938.419017573,257.80868701,1009.64428209
310759.129465,179.988690705,453.548234426,469.522543625,524.407010926,728.836317481,689.283435562
579464.013742,26.8627420402,804.919384929,600.540647426,994.264599347,750.828009585,1000.5675627
347006.699462,139.09154964,164.683185454,406.094275776,617.729734295,461.154840908,808.15339462
357502.318546,627.216680897,87.9252171123,726.618714788,32.7108714262,276.595943777,949.950337979
331770.673415,310.278493996,9.19361626022,758.326706079,30.1879088318,243.677888656,722.134030259
324696.242729,219.622050009,399.039266384,410.671524973,716.402581803,595.208080319,714.620498425
270197.663402,630.912478583,306.803197083,30.2747961419,888.806756527,702.203394146,926.213587742
325197.639414,148.327612975,61.134783227,545.243223413,441.399413597,528.516341202,626.565190175
295666.193405,228.461259589,730.120725502,759.493152127,388.08299593,776.909300844,507.751824907
292790.760148,240.77294785,431.577361212,727.318866357,516.514243141,30.751378724,952.639025341
354114.144623,324.649072156,277.934149343,424.207872139,148.025976564,750.939277532,954.668674493
323414.475866,770.10969047,113.875848071,687.243658701,560.09116025,183.940115621,975.712450741
275857.98884,307.956136119,373.018977901,111.444480111,644.485256518,747.822928302,714.496272577
342859.015028,1.62008730197,315.497930795,738.902558622,542.198225266,190.696418239,966.164606899
349846.42093,315.253020351,205.446215145,620.136067502,177.85421268,784.262756077,920.241473172
300745.918239,376.370412607,432.894425077,722.851542248,644.735638189,531.532285017,976.598042647
317340.862798,107.889032033,227.384374051,582.333129388,582.693506175,286.318767244,936.042276203
363509.582467,238.63399829,82.0157521441,9.26506383488,435.503455037,408.196773011,744.325895856
336155.680683,232.883462546,384.292718872,575.744980817,206.690785827,747.189863704,203.535838548
406921.558428,56.6160761263,355.460792368,377.920493463,117.176728898,83.5147314854,491.315106215
372497.726217,50.822067235,282.075501425,303.379573905,846.774816272,601.079654718,750.871981798
396641.377021,96.9366405814,440.131793697,9.66594516896,810.91086035,523.649450233,787.02548747
490662.869198,24.1259215364,109.116994224,181.228354004,200.048937776,159.195606514,386.833582754
392086.055746,25.8668326303,230.603752299,569.73828661,630.923838582,778.206345279,555.145637829
315390.681326,644.330057081,170.6292386,178.412999071,945.060672434,268.440823728,940.776900426
283636.749044,144.421693803,436.096151084,393.090786828,316.064772586,536.273794652,748.129223975
245151.861782,668.676817765,119.314493985,272.468142206,625.654255221,685.214977269,471.836815048
369851.231972,596.368812289,34.5463019486,732.110659655,544.502167613,653.450547214,836.54481934
453729.00092,51.5088941297,250.848295668,179.084827208,261.381172834,541.145158747,95.090392892
295490.338539,402.232330462,517.656155165,479.404361172,520.578488294,160.868804575,897.031404114
272031.467616,357.19803711,206.656742579,767.918770655,384.28871205,293.530280672,958.631199738
402442.121427,175.388840012,195.474293999,416.209705482,45.873836963,41.7964867416,607.477225122
401028.968006,120.714858081,540.19775251,302.448806801,690.418135863,317.619353197,863.388951135
236958.757405,650.298879115,245.260306895,184.505510823,723.599857084,497.675860637,779.725155097
286317.650889,415.855372338,145.79797746,464.299989463,490.551272875,584.746552661,753.032904883
309190.642078,216.840600782,5.68496249133,611.065844636,153.163744469,504.73238764,569.368949342
267304.650189,433.683155003,123.00672457,54.5520605087,636.097636563,590.903268888,630.879795872
308989.843051,567.622440883,408.52392007,554.203137025,823.414811811,710.624197375,996.716666181
470675.759572,61.0809795662,123.180718995,59.6250751863,351.779206311,643.496069338,906.626035967
286228.357278,94.9590839594,731.278221345,572.5618663,518.277351668,297.533219144,767.681737841
287045.280991,345.08543156,127.343598897,341.337942339,369.045866735,280.559608761,923.255168886
451391.859459,107.141534925,54.3007443781,46.0801558162,350.41069977,147.847868489,669.031656233
377688.619925,462.359697596,662.995300683,782.141113571,642.227551513,653.715172496,868.596952704
370352.33962,55.1367901195,40.0384518663,258.754196538,604.021951737,689.50688634,950.794267082
312606.908584,108.46950006,442.536320318,447.165098896,470.36072635,665.328218984,687.116793408
353084.813701,77.461374491,474.625805354,419.615883798,581.679424591,408.269648203,684.876228058
477730.754649,260.714782925,115.729662722,678.187665962,31.1679419641,727.449248654,235.958590114
271685.262372,416.69897603,66.0287990948,638.628198993,513.931943457,83.0929895876,866.580405587
379709.802819,204.99105843,441.869047627,26.2892334795,496.294844403,241.355411633,666.790002963
453479.868376,17.4262171285,68.8968068468,38.8344281778,592.058257707,306.815262018,822.265961349
337019.625088,249.247921831,20.1143496212,763.292635667,95.6084516768,158.787170002,781.498987111
464764.108155,427.1124482,782.916906118,54.590681862,892.424912746,470.41977192,980.709623318
316798.315061,576.324643565,528.999807935,168.068136492,911.951571186,234.584460467,957.152439706
341408.153713,628.26988099,271.609493962,677.329154732,697.843410766,681.336457033,907.253096532
321656.573354,762.135645018,406.050569611,390.003845472,778.089925098,370.98794256,888.200242519
327478.303559,445.336606933,592.920999725,209.923830386,740.818086452,58.5532438387,1008.11863572
420780.113449,356.184594898,720.690312904,417.221722826,736.187913704,126.443972864,989.913139523
294639.307881,120.160525486,132.315303619,419.322921311,189.598091871,221.719761544,620.897675271
313210.614334,367.056622829,32.7876048961,357.984622331,839.145573198,683.036181282,687.002815341
418438.575999,65.5810574737,91.1809637963,77.9272460228,326.501258792,512.109903571,173.110885258
354271.386558,140.339567063,230.741636434,71.3804460251,534.609865235,564.79241506,690.996050559
392881.797983,51.3892971746,623.929750819,431.210193295,789.58009919,689.508845325,711.078129331
335736.145129,70.7101623001,829.090157459,281.914889202,800.367403471,722.334566711,548.167130864
395378.204418,2.25736703353,433.779218167,646.163449776,702.455018051,351.366785496,989.973441752
367739.089491,182.35749759,409.26013111,383.506240324,807.833871496,481.391150618,932.015905543
400023.902519,109.175828693,326.687194862,118.731980441,999.545947054,604.314969025,887.049528696
371854.468453,115.618903947,519.450943018,182.713447209,837.793328185,728.119741327,784.942035845
359563.678601,160.632254721,218.117261527,149.036185176,360.423328603,374.566792253,673.813194328
322595.652574,240.034899309,257.221797258,513.590508494,527.916312596,739.363454033,689.145000095
322641.20162,210.815294438,195.789908743,41.8355443188,777.603337701,666.471821233,724.49002837
273310.598639,171.024084932,611.139932395,743.450838417,264.890269316,781.320858298,703.242188173
527836.999267,41.4513839055,79.0514226052,622.502267612,889.14060732,647.54036731,1006.59838914
554396.048162,90.2985451759,272.062439875,293.619743179,26.0397612049,307.276988109,55.4755198449
277501.451343,213.594160409,438.270066708,486.971588243,219.101564268,783.379390834,664.173620571
399069.544605,55.5871448342,449.749089195,492.714479262,756.781508554,100.527455827,1001.76019905
307115.670269,171.895892971,755.011368959,591.47941987,573.492963047,429.526888593,803.783496657
390617.652509,268.82286669,52.3254240137,515.732124585,806.918914042,689.948736932,853.868017791
301119.576371,300.136078454,143.535830234,421.925304129,348.653886419,144.577474693,552.005575933
313243.26857,243.780170001,155.937026753,473.608071993,652.19403205,241.409787149,993.62218757
315974.36522,191.87521834,740.447543799,754.678267769,554.377728496,766.761672354,932.007964232
323438.089933,131.006880416,137.168934917,385.772221016,416.296718991,658.728450107,246.032154884
296104.606451,423.786468773,24.8659543665,52.8138748712,576.393873318,681.512116377,439.740761243
299763.887852,178.709342579,389.788224353,474.280410328,214.420659514,66.936482347,660.142498955
321639.45216,39.1886234005,37.7884372517,330.299957681,453.340403698,490.926490188,356.676355087
463950.736008,125.664837465,587.401427939,11.1917722895,951.849292902,209.569918418,930.870906372
290625.80551,520.00850888,230.051496878,394.909829708,918.697737683,446.50449081,952.39845366
250928.524606,598.202312462,191.52649905,639.565180643,409.472765601,366.622322434,879.608842519
272330.670868,329.949091351,35.5395206765,461.392937258,532.41266532,181.425504711,806.796428582
457970.983001,267.597971018,132.424341265,100.532970356,303.422517369,755.947322419,96.6300283751
408307.22584,128.423877677,419.734135646,215.865636026,871.774676644,331.627016179,892.889049992
246635.923637,401.103666979,136.681629005,572.550614921,440.644128213,407.693354224,791.096175515
438853.498727,24.5261843102,143.406497815,396.583336731,820.89101936,274.533431893,878.90650358
260873.0521,501.674233368,32.6268302457,200.189527782,647.943391691,741.412357669,599.06387989
368576.876147,21.6584680984,204.238304526,730.349413723,364.681778357,670.265372013,770.78949411
321514.807185,361.516529007,42.7576087391,214.476316557,430.617192859,743.942558399,614.086549601
306435.072911,339.12977315,64.0418649892,164.926080246,499.980964163,460.041119583,323.089832355
285936.853532,300.09082045,238.269427039,620.600334556,110.910299419,526.32110271,748.001366941
245325.571109,179.6545729,117.628185445,574.383989657,399.532691886,298.533027247,795.613084237
268110.36249,559.626464499,402.032014587,642.452841075,437.110275394,410.972618246,796.886508931
327096.334166,121.724845304,542.752193935,483.729092891,615.395563442,77.5983506971,818.554561278
365389.124721,699.945385951,506.127151681,16.8571148706,997.232758769,477.043778418,1000.40173631
296844.830574,204.327420269,118.897796351,44.4486113428,605.627501208,512.296911653,337.571801396
293104.140694,509.174524237,166.211173591,31.1540075265,912.318951924,599.220992595,973.018487411
331712.712602,80.9587198541,207.04580717,394.17373038,671.22763764,669.924701183,608.197409936
311422.543566,169.045780376,87.5696187288,373.206796939,642.920838094,521.962689127,547.95901099
263445.807343,518.417196288,188.020931604,451.460632512,462.57637814,418.888586815,609.074875205
355050.349325,144.889555189,454.869992105,310.566427862,591.014883575,250.814288862,838.705400094
473282.474087,179.514114126,283.103115156,335.994461408,145.427718439,442.59826865,11.2527574006
414123.213388,28.3793065761,10.2872591753,172.403679918,743.646634829,744.872058693,858.751114446
356094.948425,501.623443168,258.496605928,533.437072982,228.923486078,752.419757617,793.544109327
368264.22382,601.069087842,22.4945464691,605.343543364,191.764602832,626.076415013,964.592445968
262585.829854,58.4026584539,627.962068656,660.549463156,275.713954637,528.62193731,879.603466048
335689.262997,656.856524507,114.611328656,60.4042282139,981.271788995,625.521472707,935.545197087
426412.468877,539.351681492,51.3005840479,689.159499181,866.131798078,686.138721343,876.428550501
374255.19283,280.170112355,40.9352042309,282.452817981,259.598149376,50.9328192639,878.924619184
249696.013091,212.362827558,539.27051896,658.939629309,217.525267563,562.774851269,639.574771114
385236.94841,584.968009625,46.0850836494,594.78999835,44.0130120962,48.6037966165,744.498981392
346299.077374,131.380471676,247.584915972,412.466981388,254.529295562,612.029983673,441.740309598
598689.578541,399.657226703,954.942677628,728.071194411,946.711580212,765.31475789,1007.50439911
383616.152316,213.705940369,290.441082895,0.175116145211,536.508615655,298.907481738,464.588659985
366848.510166,276.745485503,387.472390388,103.152260339,553.217477926,2.64656551467,745.346841839
341519.632985,86.8399732854,667.587262209,686.507186987,610.279352769,261.846835183,985.553443705
261323.996019,275.779149512,155.608155087,611.963510528,501.793186635,325.049364691,868.033533496
265663.987916,220.279273369,341.020390896,591.812014901,166.800896253,493.87049204,803.433121561
286340.256134,568.967663245,292.940634904,628.93384926,159.578475882,496.808710009,883.130661078
285085.065501,357.355878626,219.577532907,115.642139181,510.218235743,530.696032388,754.301846647
354831.581408,272.187885869,538.526594097,425.473501321,709.551658806,523.582144124,754.112782538
423842.373806,463.717935682,266.507657153,537.723735847,57.5003159723,559.276997139,75.2406255199
303813.819226,13.9612194974,161.697620227,299.24645369,538.008996322,629.056432717,497.074982828
398825.160996,265.369963953,40.3361852376,54.9333682084,1002.73663339,712.610987663,846.899051692
292927.609556,598.597141385,141.729447795,501.570789786,725.516477916,418.520714557,795.161832497
348585.887846,55.1096480613,297.321685204,327.272138395,301.485394337,629.435800479,342.724016846
376420.856808,112.34875151,421.921288671,223.726610129,690.827007111,591.796569253,970.328869066
284402.675627,134.971391445,703.672340398,168.495161267,700.509641842,688.076469557,372.352032168
340140.889693,199.820487167,71.0817978222,353.271212683,600.954560492,72.3235977143,948.911942047
269871.847731,101.974323163,411.975427251,592.710103765,332.042392269,75.8797106722,791.363681717
341128.961406,236.550147481,286.092571586,487.717853473,617.951803377,490.239082414,630.421564746
295116.359703,544.788358212,449.018775026,440.217068425,845.008961586,782.873376659,740.49733739
390893.945725,82.9136145323,344.034032413,610.228133452,789.668240229,149.044247902,1005.08026883
356834.338742,54.2828245873,271.463411845,301.296800857,443.800714586,724.163811622,958.374095182
279345.43747,218.29653387,423.097065822,689.333705516,105.324322793,510.226184851,640.446601735
398416.890071,446.881583277,85.0401895884,483.984297634,25.1383271744,601.156151684,377.463513896
288655.687265,209.512268151,158.189185205,186.094057721,812.096258419,718.355774855,605.932004447
380495.527994,170.035480752,259.120016752,105.367020984,480.758152312,344.390262843,889.505821932
307440.333585,192.983284904,198.854503133,46.9354237897,563.732869256,703.617256475,478.990389672
395579.075106,179.052918778,525.190710562,504.020242826,884.593458139,412.632511887,957.923113143
318317.97506,622.842984163,185.364235016,779.078960209,138.040810129,439.933304795,890.98161994
300806.906863,178.166910003,258.463767784,435.3171975,459.022729211,112.961410153,954.099892815
265969.360494,414.117183736,316.325225275,421.072686916,642.019291797,500.744804223,1004.87279489
334447.782886,56.9079691433,360.601755156,424.802308756,434.812311805,773.017622492,987.811494692
310791.147489,17.1890237654,584.962985717,547.662109782,304.586999599,672.771625203,24.9682081432
313294.938303,377.598083387,410.882819983,781.279619677,42.810623628,641.238618229,553.014201016
319602.496466,229.448602396,333.259134856,254.26764052,587.15309748,317.730269516,918.676236107
253576.291145,388.676634886,71.5367671093,238.636991316,579.519638485,602.423355594,326.173805092
377358.882815,385.304937189,84.6328749238,754.884382947,245.597097948,670.815846245,975.932248441
423209.850449,101.609146881,754.493451785,113.58622197,758.129437975,716.907987287,741.206884919
290553.003966,337.477694349,309.15685005,150.137198315,677.354495577,86.9346847032,920.183628616
313296.807169,393.922307804,84.0013696648,152.86287633,530.13663414,507.811901208,917.554130839
370898.963231,378.646291442,57.1898532984,380.385124927,214.256071187,554.157254652,376.291010232
425030.65152,55.0122639793,62.3860325403,52.0840861555,370.006443411,597.732590707,730.266486094
272811.110025,596.084140875,157.84374898,29.4602796401,661.459736023,564.010507287,348.808169965
366910.462331,576.879644771,556.078681905,525.914184887,702.390225821,562.058494858,777.938729908
369449.383277,287.573933518,652.202531178,75.3852663214,836.481471849,686.532377598,933.173226443
277971.655816,296.255541735,345.031548547,508.647636402,356.077081289,22.098105937,646.866490113
384674.958873,288.510542977,20.1529820099,91.0901875698,615.732698185,234.194938923,921.078052823
326875.496669,100.034034498,491.982422211,565.062633113,29.8230518993,246.234473917,946.918018175
351396.972905,59.2105493498,20.9260117518,309.392145977,441.640420417,426.566668615,540.243602688
484266.145123,334.630963009,826.475096881,60.2430824321,951.248427905,736.960462324,923.910414161
267434.951879,383.686487038,158.832528129,401.928243902,421.545276345,406.211115497,707.347840811
285366.047819,284.24046771,676.301683242,417.190071211,688.063730065,661.159078818,495.176555069
306636.495823,211.429652276,496.339786508,333.832647131,704.013863692,764.140977374,582.54639757
303776.972152,461.145296508,441.168090141,598.419401269,378.846133632,744.900426431,751.948071999
443452.738996,62.2261821088,159.846763055,8.45712747395,271.229477968,664.74838264,214.600245828
256487.731457,411.366969258,261.084074614,72.3515832834,679.981462211,499.830387956,796.904192113
390376.964076,257.46989641,343.607255182,459.991738492,37.656391907,319.479712408,352.462684019
258814.808295,98.4752206762,557.295350045,595.156949664,433.567359839,462.416274559,921.20804088
438137.564993,22.8643103967,55.1733703088,283.016554266,25.8226165245,703.283914723,484.152712144
318466.564375,245.109571814,753.524415176,1.51956573274,844.772900914,720.836274013,518.797212361
332912.788205,732.294363696,53.1892996753,178.957069204,735.809942079,365.102751025,859.742431195
338563.223725,741.139165338,412.682542817,68.060964962,983.29944316,531.422818773,920.411301292
307478.612921,370.594913633,84.5846172481,368.217547891,809.336552207,560.462716686,750.467511961
309321.090839,289.233531426,301.973519193,516.190644816,167.247499941,671.386819639,514.017461074
268400.371026,628.211048359,156.76156801,667.631555366,548.274853221,308.435665927,920.747881893
280119.399292,94.8995023276,406.713667162,465.438133282,422.518892171,333.380663278,988.564999085
449137.873124,444.032781625,791.033818258,533.580366325,759.977151246,287.287652405,981.892673764
402240.71449,646.512169393,195.616798489,772.003558659,688.243778471,768.916177393,834.798307212
328696.006806,252.726982067,160.106124399,273.08834936,450.791279192,131.579661442,697.183409098
266914.654072,370.383249678,347.488106224,24.3976244157,743.717332329,599.346548684,654.136601319
437362.124398,28.1187155796,281.69187563,282.791806678,38.4781417964,445.863115243,996.845331559
255853.179154,687.410139676,219.40872215,527.401323338,615.419091455,255.184921257,849.015786763
315298.44267,329.984621027,455.116508216,422.554034477,724.762570168,525.543957987,895.685681
325209.990439,64.8864334501,58.0255647393,324.969089977,510.280066586,501.825431709,507.277686724
276641.877833,169.927193241,488.284305563,754.284364378,203.2901246,380.780642665,685.683337241
468801.135807,7.98634063802,123.910546198,108.692686081,337.393880328,587.158174088,1000.04400796
397933.221682,488.158957702,62.8071748864,762.222760211,62.6442552618,703.241479197,618.492005624
344875.125457,530.821833785,547.397864787,708.570472226,347.206491512,575.132823448,547.085291342
242663.549438,602.713948756,379.907745788,296.969289476,659.08580556,70.5174063938,842.126365131
320270.976546,458.165967465,399.313809012,473.128930068,491.585137168,776.575513815,433.894787984
361613.709465,117.751256284,322.790891556,469.059573777,24.7852373816,89.3769867115,770.45199709
413588.392067,414.815020832,108.790781422,738.651805488,288.413134079,695.14326797,403.530903395
288941.846796,106.795026172,223.505788253,588.238658833,361.760185563,471.446281486,607.441186461
413542.671579,292.547348035,158.681545989,345.676184184,66.0930310055,95.7412938975,499.934443254
261438.165196,455.345612912,167.054891496,342.158357633,775.504442947,500.632089841,713.073879747
354626.646235,300.289810003,501.439474956,101.303910539,655.066595649,61.5189679087,828.696795603
396275.467445,460.687063629,128.806210274,511.711907137,17.3212838765,731.227812234,677.762015507
336269.037778,476.138494472,94.4992751059,536.641740222,754.817473549,761.395768254,806.271887901
314740.518068,102.596820091,351.214947064,130.556300699,693.111574895,664.044280378,636.544052161
410405.141286,76.1180058747,676.222878635,297.195775933,676.301100582,250.289668216,956.367202719
344706.425062,127.962538492,273.791819605,307.087937655,608.665516739,451.811369722,655.712536577
380748.031262,15.4748335549,783.299163251,225.874522222,808.082602169,612.886131586,688.174385314
281341.624094,408.124145357,189.853828907,172.486580218,489.010421099,201.117861511,683.462184066
373514.123227,62.7914337238,275.076522265,149.185226744,472.213780915,745.694715083,627.446328236
303947.408069,421.803891387,173.283274105,585.229255147,22.5493697624,122.298577305,793.989028396
382210.050033,651.574946628,259.03423295,728.131155219,186.721273474,622.017431317,446.105372123
323621.097756,97.1538310614,454.191687259,203.369357877,570.408379892,397.60645963,475.514237399
278197.356639,518.802699309,154.325591454,687.090202847,27.3382398067,226.190492541,762.338479854
319323.780272,619.235826455,1.29920609595,600.238469459,654.66503542,63.8268137653,919.885649748
412658.154213,16.2862361585,145.61536431,353.003214453,38.8240905963,240.646676391,973.485409287
542273.854252,50.5094130971,900.065726081,497.721099262,1003.23574402,730.564072955,868.451482602
366015.052032,154.824205467,100.043975968,753.704136583,633.322928711,394.631541399,910.865936534
292521.690262,609.466486179,109.247420147,367.601040394,592.365249919,772.73660793,167.809481853
360233.720846,16.7194022747,186.977391044,587.341233804,239.459833727,588.549283645,432.902873254
289832.440899,612.701963879,304.330639255,630.232587354,311.663844996,435.91052242,864.61978222
331579.563065,444.776705864,438.714521427,668.453024219,682.740859161,716.422698464,745.175062378
333628.683578,119.813637901,155.668893375,183.82345241,789.086104711,526.536729417,711.620028464
322397.41005,372.263088607,398.253444701,370.102207877,415.303841522,40.1468845637,739.889670059
263752.524835,686.961939215,377.747958276,285.999961241,780.0386973,443.306418296,920.728876547
286395.969789,366.943015232,527.838082841,690.213458608,598.345482209,255.776856399,906.443637441
391208.048742,105.287202181,693.553325048,642.208018572,735.59727676,596.033112374,925.429946418
428974.626391,102.354519437,32.7233662885,326.698522774,123.841209921,252.542125085,350.716072469
490784.893267,17.8099589867,107.611987321,69.5486751778,913.472567594,766.430987868,982.464622336
342591.85747,216.967116628,229.559377873,28.9484262428,419.190126933,456.421069546,642.314569606
341624.323291,505.69957054,491.043063413,764.563144551,621.981113575,707.772336452,777.400315104
255169.000464,446.884577329,110.486147368,550.893001866,601.412866686,306.709501614,829.801904194
324585.056435,38.9589306781,3.8815423531,540.375627143,440.790227683,598.332823589,913.57602079
429273.90317,386.798828734,38.5454356708,634.200871864,1.14692186007,752.223627975,652.019181241
330219.409688,520.616203813,179.442943059,505.878985588,430.79316463,738.411184844,181.217683926
311215.324182,469.512130722,585.799767304,661.792083745,434.975777112,626.336940987,697.67826726
365964.173989,137.223835435,28.9427513864,182.076601067,718.126120332,484.084455104,776.397983606
378911.369757,495.35903989,75.692321486,444.283743305,299.359456372,689.015905935,254.084538353
333252.243301,194.313585933,256.461334249,30.3585113974,763.367041158,631.796818159,773.384214521
290130.903528,29.7344249977,613.214498881,621.112222053,382.087682781,630.154839328,489.918544544
332618.371338,4.36890759232,275.608213835,187.693054543,665.635983382,617.095856633,656.534650859
312637.032598,62.6330228688,628.839316351,96.1610130801,743.33621197,593.623814416,553.109857836
270548.882265,154.605369761,728.042048661,754.239150827,228.671597002,666.885299152,633.356628729
296981.39768,256.248560147,599.557311824,484.909430351,534.498457509,46.3019254109,750.060513126
314306.760417,13.0584251325,628.559986368,756.717815635,339.559439118,722.627430933,926.22972651
298636.663842,186.858990849,61.0812855,659.998920457,498.728330342,403.153025048,824.817695977
362227.591829,408.714265423,641.335577017,123.355227066,779.206618321,283.278821334,804.72547052
257434.815286,408.929948881,387.283420159,301.398656091,901.701818594,755.930523144,657.767911378
396184.313427,633.022940917,76.2873447112,758.916228331,164.796674029,600.643379936,928.760048095
284305.003844,370.367438978,187.229063672,451.200211049,202.257593431,159.918389711,841.245006094
351847.54403,291.077946845,180.057954943,641.367708154,182.653464655,762.764351721,744.213914802
372172.323332,224.538725051,284.062575357,412.214169544,277.419502596,608.461156327,158.847006438
254833.031996,428.03635108,270.965627608,381.425704357,484.893168828,285.585609896,939.542309288
273576.543038,525.445312107,143.262442707,581.997279445,267.935299358,369.943885039,547.588146413
398131.949457,53.1859766142,257.733119207,493.394611248,3.84780061504,50.4166594845,696.029559579
310784.085023,246.936307436,292.041326577,289.045302616,543.238390994,552.496958932,881.027069813
406833.823843,297.004793196,9.42735094821,24.0527831683,355.642723831,208.465020996,869.213565798
231493.452551,532.542201806,261.467596956,163.989412376,575.698466946,379.864691728,720.642522663
297818.438481,172.484661543,384.275826296,624.335185304,121.103432017,706.166148337,543.244667142
350379.007507,156.388400824,589.61925945,676.922789949,27.6385506328,59.5789397497,738.573855335
335224.473752,153.134198783,342.657159537,361.926996867,411.831449927,701.040686004,616.018071321
282177.600792,447.98986991,215.230791874,126.499823698,857.767792998,288.990392181,994.012903041
267739.284416,311.620119825,118.574417619,466.838636562,506.993674244,326.946684589,856.509480969
370802.716336,638.501034935,272.460011846,773.361712015,252.00963277,680.576411934,643.644415363
278167.065164,465.335254313,272.65765272,470.925325039,819.327848242,589.377020473,912.955183102
375974.318293,726.793241358,228.38482822,757.543341875,278.18351038,617.241357281,652.117201336
379037.064651,431.121480449,8.29982389371,56.2437487269,796.27354644,367.270351563,1001.11199332
372535.11016,48.9841320625,321.609463994,280.901144474,557.153958742,137.094022111,874.207521767
281188.294979,138.357137717,475.414071361,208.290165308,589.323394719,701.226323242,323.595343897
271543.291502,431.130971321,286.219422774,59.4935736956,534.620006094,603.162922338,868.085499248
293510.89634,341.513543529,282.764267905,301.165695456,443.295637442,499.678547928,801.662890383
291760.99758,658.124519943,214.630879847,694.629418014,273.649766715,335.084612429,887.17558436
348539.517149,407.363982704,110.753941604,455.635580896,102.195089576,204.247687407,960.59366463
325886.695308,399.797805764,11.7297419167,495.780106011,541.356714216,779.07883396,669.398780142
336965.661411,211.958584777,235.27631872,423.323984428,257.013445762,691.360371019,862.265100189
232637.805803,584.731365881,404.623465237,328.812940482,680.263151779,703.874818485,867.659957254
374594.659598,180.531422625,266.825838899,332.283457171,172.673463257,535.874724511,287.498022555
430911.515866,54.8805233429,301.389315318,485.331069014,786.689663927,525.0443275,793.90856149
281757.659138,469.445590972,288.003460118,596.582413606,235.379809902,542.757680685,874.108889723
309884.129339,166.234619449,317.563820453,718.398553637,468.153977991,552.694676544,709.031782769
336701.183348,436.937674245,243.659701347,649.490440957,387.641397105,772.65280732,756.133518369
260928.881223,383.670214957,447.192137637,529.014646109,294.281789984,282.009760918,571.00948627
349067.445009,286.276126884,366.39515717,76.2368331166,804.408571356,14.8313592409,958.310442195
276805.300243,321.484864811,229.958504492,138.697291005,620.970307991,682.718916849,130.909484924
336437.753683,294.739576661,718.110953013,549.298313042,691.223972005,655.788043221,611.945571933
294607.115532,428.356523162,169.572401811,745.047644851,310.844690761,539.018013196,828.219666097
405943.77678,21.700613482,346.611379838,160.311253225,424.557931429,180.969326725,821.084520142
460658.866867,93.3765987298,17.4371192349,135.554505283,333.959692429,751.5536888,942.226991233
338818.50262,101.737998666,0.494479525497,281.686280205,377.150833525,410.279049312,891.355161973
311509.292001,156.986713426,499.468511238,543.67391531,7.82514462116,278.659638807,701.258590742
448043.691832,194.428183482,3.05506673154,784.362777998,552.729067934,732.983434425,910.237756876
333864.540219,239.862216956,220.066885732,386.777419127,341.768266533,200.447634718,482.663442347
363899.530117,195.739945483,79.7074633158,712.746072309,327.830170766,693.553017272,894.10631146
261045.07043,156.223354807,697.366839556,703.699021106,335.02876297,677.197290024,524.861038117
563726.114572,268.064978046,25.3652756505,287.912135077,77.9562540809,591.758124761,54.1360152222
364546.274498,428.04078081,86.5151652128,512.839677908,57.438602225,617.313903904,747.954315831
356093.670554,25.1537931885,507.952591263,549.829790173,663.445648727,316.022109764,865.515042361
395110.610204,145.151043656,7.14826122991,329.751689721,18.6587184731,565.991447592,389.260449529
308845.448613,564.01114753,15.8346683214,215.661680902,538.732437787,646.786633358,145.970157855
267937.231937,169.791468527,623.457165495,702.930971601,67.5110082625,641.053056028,306.782522426
278719.918465,433.894386339,315.612114907,775.744466548,559.361827694,455.355996111,964.074997235
297447.079877,329.594519016,86.8233592258,708.047318348,280.216257627,302.135071576,980.387970846
515907.115247,81.1739782932,294.278743801,111.565931,303.531125793,323.675321201,80.1395849488
349549.725439,264.681110273,212.593338725,48.4097452882,661.022393652,154.423471227,775.291096707
256457.941217,703.572192705,230.415159608,464.404324567,645.161555539,169.254630563,828.738661136
421590.124958,65.0564730332,194.626632799,220.254642388,212.98756586,54.8451651143,868.671190808
326662.518649,257.113847169,352.892360221,170.953793462,538.229581953,347.109172726,612.222704471
420814.071618,138.815549576,122.791164613,161.70007203,202.797656651,164.671141512,848.87404583
334055.198493,479.477108554,434.209444875,676.989637471,0.912063565489,652.047659554,321.047510451
226289.300933,542.108877062,276.635227619,119.28775445,664.751430517,745.474302192,843.602337746
419413.801237,105.545276435,233.888461539,121.243589918,446.957118932,267.134819472,937.832340131
339211.35384,52.796903792,426.717388775,350.963320727,369.231368523,774.316575306,224.686320039
360365.011973,135.862858994,324.755726079,610.779962503,33.2800398539,745.647559443,387.358308892
337980.435416,320.256637502,750.917419344,782.379898445,549.508076313,654.684407243,758.098040878
315980.453339,16.4273591319,164.699965098,505.844687659,237.392479081,559.251026497,607.165566389
305311.005885,354.939263091,61.5384088124,651.255541003,403.827651288,560.734393633,796.753951307
276919.321235,144.375317422,114.181541122,527.248849353,268.920633861,248.95158598,548.737088674
299381.254047,456.973894546,37.3857113515,700.145017051,412.545853477,497.14357884,809.920967815
324455.973708,383.592783038,107.42287958,290.365461115,455.345759694,389.789577976,450.322745758
286382.086256,290.577594316,471.733827861,710.507521434,96.2066129835,729.41076574,895.979679539
421908.999732,339.228410789,883.30472694,710.164017658,687.169455512,256.27086433,966.060557537
295104.566797,139.259955385,245.690012646,380.743685577,164.187812258,342.274348883,695.324807953
448934.104419,186.415687251,605.365450953,21.9099457206,688.710304233,90.7914038467,841.370550492
284326.863643,367.843266943,109.366218832,196.972524064,635.307501342,726.935989331,969.330431491
246639.891157,453.452501858,164.347817303,694.857200883,481.454827343,277.162323705,906.500379563
292223.352076,588.409505912,316.890622497,39.9703278851,991.043946064,403.481007061,984.527384145
263851.662337,544.510445237,171.636209814,87.6140596199,713.015049166,260.578443112,757.075589883
370373.848349,228.783577313,151.369182641,92.3810117251,965.205453136,688.561790167,936.864208524
288997.894302,471.878978226,77.2854686438,238.267208527,705.066206565,434.768600464,985.68274798
346289.188021,235.31346258,13.6732990722,487.252082939,164.504403881,154.604573884,1007.5979089
433221.403453,445.545296185,34.3803748293,522.399974938,265.734837759,717.141112121,92.2801680595
394466.561075,215.121559253,84.0040948791,325.323637158,76.0373091511,652.530750514,618.677571759
319985.39036,196.521870566,240.616797605,655.953341906,187.724611941,671.20201367,829.757569075
288324.496339,387.769133585,446.056362598,130.856345508,871.039410651,336.561857928,918.782747937
285696.469962,288.055776499,325.415031582,73.0298394982,724.718275408,751.151751803,798.610649614
282206.875639,493.784452716,65.2711412048,369.372531354,599.442798332,766.695575741,1002.1140743
255228.961022,135.205817666,499.594776074,504.804500437,191.243789238,427.85916351,736.622268718
285715.629051,759.203005817,238.410792181,376.293015432,721.409565303,638.879895818,899.490495916
365463.203615,221.381593587,154.442787884,180.694484659,953.56347556,741.005737043,945.181469896
332686.066575,350.913662902,133.847419813,237.28104397,858.951886768,119.335582568,901.619678404
243778.297622,558.212852553,299.639543389,420.938641578,720.883976934,188.477556433,991.410783201
241069.631917,606.133406145,168.185487392,336.776557306,642.179915995,605.73248274,590.068078682
289250.374248,609.922557892,520.514204406,246.769893631,855.251401223,562.827772924,786.206644582
279188.277531,294.800572494,455.076130182,625.183667692,54.9285243006,445.1335777,650.955026166
246583.467733,458.109202942,282.398634375,389.312072239,648.914850803,360.8622908,917.006949283
286838.154561,308.553763562,518.235001914,640.586527074,85.1114610791,68.7739404675,706.590673902
293650.088843,352.440611823,309.427445293,28.3370117801,828.944219832,484.37149093,983.378727399
316217.885468,232.936498918,345.231241666,396.532224248,350.624100881,652.056610495,650.492100784
323001.173546,185.039817517,209.065532855,294.28943309,278.65854394,165.733354371,789.713285807
341730.738548,63.4862318821,305.311540031,495.972868601,459.639283734,733.619719335,513.711073918
280062.921274,459.646598254,179.471853613,381.012187246,562.720466234,669.551164182,124.269274856
466247.467212,75.1484063205,106.702994271,115.11977943,429.962913421,55.1880643474,923.104577692
261901.512231,518.352072577,322.356789001,442.930369948,608.350201599,690.465330283,705.928125445
294088.136953,341.078729996,163.773544479,350.510780164,644.603019979,422.184924236,747.264426846
500114.762594,156.962323853,148.002653288,28.4369862137,242.63288142,19.4323469343,923.450432667
277381.112818,64.4813417586,180.664049746,699.150288466,267.145963141,342.548921472,817.562373776
439330.205182,282.6957549,15.2163499378,60.8345441601,598.297662482,16.4312024401,929.11710178
282233.673517,434.31836382,104.503637642,752.26499993,346.227360254,334.842249901,925.198206033
412757.287217,301.518756066,123.144679592,387.423364128,2.49621263545,505.943337221,993.466822694
474122.267926,191.852773023,106.032809163,34.8851630007,386.770067932,28.4699181739,649.915323917
269651.023561,670.366640832,212.758985344,331.384847963,781.339874011,151.08195246,915.208647773
318661.922562,120.091580002,473.03455274,373.314939977,480.594727496,575.284242116,917.991732304
264180.355663,256.206270871,458.995905596,737.351659708,234.129447154,393.380559122,986.503146471
292775.423382,631.000609607,199.214708355,577.015901024,376.990443471,588.515762858,858.937075082
397048.75132,560.442984908,249.129475187,782.033402533,317.707388779,762.559720874,509.591576706
327248.398836,200.375017647,247.12721806,358.651863913,222.737201927,530.965186078,502.210001035
266411.8572,317.988615762,587.414625162,243.855076654,696.216722604,706.573827807,417.885665019
253817.498455,292.085703671,587.008588597,528.765115307,473.832917894,318.728781703,905.145341595
361619.042173,232.878192897,119.295194983,11.0943996812,632.391447914,405.914592326,814.123295185
348661.617448,28.4457604896,169.854309619,281.989174182,199.899326696,483.072170049,460.069029385
293292.806808,316.307716134,437.868766316,543.563863151,97.3033020157,646.301596594,321.005933171
261149.31894,49.4154333569,325.518390986,558.070090225,211.780351388,176.178462441,764.600193478
301677.887408,736.635075167,205.283772388,268.515954052,724.924008184,759.407979555,161.048918757
355039.611124,139.690475186,313.544394547,420.739792193,155.531735087,746.983699445,886.340855148
316511.523664,333.248935732,166.15477539,182.418261877,664.588656673,207.168464399,696.690111983
339524.055816,82.2203870466,99.5703980575,430.000856851,95.5303085897,276.450945695,897.491003746
537865.052959,592.006652101,6.45655931028,606.345457108,23.8150194877,694.770193409,225.906913962
352106.981416,159.536035124,54.1117601781,460.363939204,439.234900687,750.090772673,23.4435306241
279160.796782,265.598444842,311.175250659,293.736231751,773.418217978,655.668590202,893.070418771
306772.559965,247.02261152,138.868449332,315.940565612,596.484286431,699.13986397,30.3593490596
369497.940415,253.035301011,240.891709239,370.956462759,297.228944281,700.690078156,281.876032743
290229.926033,605.980247199,121.32246666,288.33791274,780.058834288,46.1809228108,1004.02338848
254264.663687,336.561748901,455.220383899,501.445809681,346.642231995,310.028290685,1005.9221992
564671.544634,139.418934006,919.937826723,32.6024000927,971.294473416,523.049179379,941.212473872
271783.923678,349.588960335,262.083366249,484.389698797,295.882555861,469.835410243,631.679440802
275602.624406,675.299902815,189.667662587,498.037620595,652.839227084,337.791529,863.287047086
370325.727968,350.238074904,702.815820812,770.717510896,665.221120501,522.788966903,888.401559331
484363.143429,326.102240184,136.024738262,669.360490141,148.700439446,716.114411974,136.371607105
382158.880121,152.038858997,189.517612629,262.152502225,83.6992310085,283.279914678,856.161181697
298979.874355,38.2734861833,52.0083135525,670.422439258,167.430837458,413.167092934,696.449886931
518354.948701,186.919792434,179.363228478,104.053891431,285.415215712,240.911205166,230.361595344
356966.160936,661.848511233,23.6241019528,425.864612643,851.35305021,771.000475295,745.360788501
372635.07237,701.997264028,54.5546310794,89.2628621265,969.340592269,623.78979453,961.116524946
362996.731054,278.087916872,831.930934285,668.019379724,618.80140811,339.05672752,968.157877148
449603.583302,112.924622531,13.60674669,618.608092386,732.93654106,693.383735448,681.537798916
435852.17942,170.579379116,92.0343738722,620.861433599,20.224484187,624.182962055,305.069123112
374908.638559,183.886179861,236.609512683,61.9618672265,492.096128987,560.608333413,854.567241949
429640.776689,2.10883981502,3.57075099944,214.962949903,899.063065158,631.812124157,814.569745221
290673.507819,574.885562121,1.07491740466,337.521531995,495.995120966,600.108188456,806.607947637
252941.137198,371.036584074,511.892147223,632.359609931,439.515533294,356.792066932,882.703775991
353717.994296,261.16731311,57.2071539928,0.456540956969,296.329744872,434.811443802,581.197004647
368088.12011,538.601447088,197.913623727,774.58199395,807.749133609,695.859747557,968.203131802
326467.872535,48.1847140175,403.26361683,700.472546778,228.121748446,667.941346136,994.554123332
370604.328669,659.201959286,514.910294207,534.176581271,682.223319723,683.593425389,553.418535825
289894.689726,10.2615245038,203.131588639,472.746883924,176.511924217,412.674809023,725.220227682
334323.903181,67.6055106092,578.148262712,296.853558898,875.513918918,736.628987502,590.257857678
321332.533114,306.033260908,69.6080678576,545.198852725,76.759411975,536.205632183,664.904805262
319780.168046,288.828526829,183.345078932,14.7527133875,611.609166987,386.690574254,768.222659677
257761.679246,272.522124436,503.537382278,493.203782754,436.456227604,129.260953936,823.844282317
372242.077474,215.835987946,103.364351979,161.601629966,457.191635773,447.276007292,931.253154622
335012.992895,394.814667665,133.386320581,386.873570923,231.693979045,129.394092553,987.648025252
453388.093046,104.428390347,760.061690757,424.148046136,933.390697302,728.410866677,807.802784519
275481.712572,157.204790895,509.059831744,552.804621272,248.602046697,508.003448326,355.600883347
403010.911787,111.555292443,153.753589527,191.584367165,877.096809262,457.022741669,887.469557314
341920.400643,394.903572588,258.088867733,651.960712642,595.243643482,728.772367186,600.063907318
386252.092849,232.108535406,710.305938676,546.170871129,743.976284432,356.484504701,952.784539515
291448.386755,379.880208589,555.251327017,695.889899902,13.2210234602,574.153999383,508.469046055
237110.663484,668.666622425,280.313366281,301.165654621,673.722879715,670.974366388,790.145363602
347917.758185,261.527836595,888.465602023,775.323226109,526.850264395,566.36826717,820.101693105
407307.44794,160.954307995,483.147391475,103.465211725,628.685943157,294.15250383,981.024253746
291313.783156,489.436398642,148.049605993,16.684894534,608.245509292,784.590639869,665.669066426
350594.61877,232.101700193,99.9922927325,304.654820573,310.56115224,437.341761004,448.515169834
300463.961989,236.247486036,669.376952828,710.267370345,91.1137094157,143.953301443,913.266671326
492808.865687,272.366310561,790.935927241,294.828900758,934.196397073,399.481079234,932.923321805
372939.152962,49.6128205318,358.555688611,582.294814747,3.92272575879,110.673739735,883.544654933
346786.938698,226.470435043,246.780858723,667.240978503,68.7250223435,715.068958937,648.531842093
379541.694604,30.1299946052,426.170449043,67.775595487,708.042841633,748.995223618,679.104517322
496222.100907,97.4783844068,701.850902978,49.1064073491,759.172196824,634.975382,991.265089321
267493.108676,265.61883951,363.202595755,634.476003452,319.161702882,547.359074387,647.980609758
250325.284614,297.78928608,377.586304508,621.056071439,359.153204042,147.606527415,969.9117573
285350.211724,195.756100493,339.61611104,671.017333284,189.682336488,575.36655493,887.719345805
316096.500588,61.7259558995,307.99437926,21.0108617494,706.712020782,678.632297848,518.600708796
287103.023592,432.33501984,513.209356316,319.146517597,655.539216291,769.634418049,636.926988714
288881.236991,306.543293829,456.673186018,421.354263152,507.400590572,599.778693873,390.280112551
258133.306224,4.67268191057,293.193833787,524.650077834,290.27732242,212.385559227,857.388708557
333837.290406,312.007962835,436.114337001,272.105491532,569.430342085,361.227326871,575.623289837
311728.958614,198.487909397,235.770620267,325.757441939,324.250579029,378.480958798,610.957511416
219821.855716,445.14260758,338.052279214,233.231226514,720.015122144,684.250240563,579.239906352
329223.0654,78.9464307841,150.052916267,464.65765346,123.030915762,535.248449751,523.318797519
289031.556043,391.95980885,163.958264956,411.703223849,350.252930636,524.402105274,842.605252502
269891.848768,297.950862235,123.218768557,171.280217081,853.88232994,651.92921051,601.429964641
326122.189978,253.573761465,284.165074921,86.0937396821,383.893172565,528.951746455,406.811226803
249072.902594,73.5643819692,588.553269569,553.11734294,265.670874559,573.246042235,719.16138428
401411.830554,58.3303816882,104.487153127,375.21764602,119.588271059,310.992009138,352.175438601
264445.680039,474.496545298,194.782487196,22.3187352993,782.703031568,653.646457466,790.271794296
278456.37154,292.941817079,195.908992962,423.195499626,535.267138172,585.267633359,392.217566446
360133.127145,242.022626105,103.00585136,748.047823015,45.5618088368,619.953583875,589.439465081
310657.848773,57.0066055428,501.615725163,113.257536677,543.653659949,478.179616489,456.346168525
351521.155829,53.0150011752,24.2833948075,142.006180599,728.086117469,690.279273192,672.406695388
345849.77405,368.658723644,213.410937608,563.148029488,902.393222407,620.119741799,964.064183582
383998.282416,133.106574814,190.518545793,310.773108546,742.118104915,28.5548664938,851.299864777
424465.08127,185.718088502,158.06708055,302.185909487,165.664940527,204.908474795,395.657257234
272088.404847,296.972439167,365.671005959,424.773920785,541.210775232,181.594920289,775.6275402
306590.95502,695.346838047,339.194760746,461.97298025,708.561382925,580.546063912,663.380085571
282634.453238,294.004237746,574.62800524,62.3436996139,801.994394052,773.39713947,376.389991939
340206.576918,286.861630002,172.883623672,104.624960792,557.882298335,257.327813022,594.002864777
466302.149828,159.295987705,103.19011854,548.242951468,217.266141912,712.187398523,55.7539801982
404647.326236,382.124749668,56.0275722977,419.723166466,49.6302726352,449.208399296,316.683579582
379382.47615,190.259609364,122.387941468,287.24764386,230.945877709,638.372839478,344.410217469
339827.796929,249.317715152,195.532670849,90.0240219341,885.538494579,659.880575376,991.944777247
300759.931925,347.937634603,207.931997428,378.820475863,439.890275771,579.477414626,254.165393398
357329.870098,523.916331607,553.073496701,566.819594512,831.579423315,677.55306637,827.980867611
241454.443847,116.594314095,583.944823504,551.272138116,380.36246471,351.727225573,990.673662071
427520.983524,18.922974145,249.189612423,156.050231347,227.965130599,555.326439281,198.980540276
323177.772184,298.284885524,40.5612859571,440.363142091,491.364651525,775.103410318,158.795719674
394768.781217,296.889165816,695.620730656,248.780651087,776.184846624,699.726206818,952.646786715
312756.088931,140.222894188,468.366506923,648.368578674,18.3287589511,608.421080944,726.325177188
413628.320303,174.554910991,87.2525740505,340.778018692,240.970771645,711.420849375,199.275968013
287149.217577,306.344118836,288.581552986,471.631908463,161.365787014,180.028810935,578.405188149
338149.027964,777.546338432,335.414944863,259.754792486,988.748189489,592.560547628,941.186939554
359991.435642,262.970709705,233.340329502,108.668758622,869.382562364,190.630361969,981.001004307
325635.877045,232.400156431,535.33089522,459.212487656,573.636305987,495.728452813,683.343637198
288767.282277,418.146884039,419.67350043,746.449478692,738.717594878,375.315074322,998.620175262
301053.080533,448.491564273,420.027044225,642.133323626,165.673358229,778.111572021,457.800705809
343814.206716,459.224771275,54.9595821083,512.135992288,413.306167759,700.005419271,377.928234314
376771.997834,53.8747243239,162.06076098,357.052655249,314.275230032,457.150252124,351.002044557
243301.670931,380.339590832,545.506314417,637.428115652,243.065126008,362.866418367,746.533311044
375319.288684,283.117458001,46.4583026409,127.383257843,619.622368835,168.835284548,945.643942505
235764.635365,503.148339497,322.439886895,289.506838623,800.360085182,437.315183959,815.261713381
373809.594545,128.943891476,22.8393107147,181.044074574,293.77162129,284.969816256,803.80431982
372811.275184,222.301531158,303.665445394,539.440097934,843.021308416,775.834901909,922.254145641
246698.523877,69.7738409285,461.064327487,568.751251975,277.747760411,217.947191207,877.327566423
631629.856007,189.326865793,47.3366548448,256.664571521,94.2824480347,313.649466298,27.9958458995
346412.640394,353.158957226,183.830215573,186.067046746,352.972680478,776.013408912,732.893428882
358158.453268,45.4537245646,140.791850636,705.808204148,490.073798821,556.553532998,681.656518746
398762.439464,184.146057741,396.633696951,73.9824403047,712.557958558,96.60948382,986.673959052
366878.460454,216.641537229,323.189100989,128.22866083,585.632924939,110.51483339,752.189400337
433738.287374,185.369373939,313.448274901,153.831867667,355.713549546,57.8983800188,988.362522089
353265.973946,266.992024442,148.036488652,253.44213232,244.236204138,392.61668442,878.166709408
270747.059356,355.883236149,471.970483382,579.212817351,391.899437982,735.345679471,809.095627446
234941.404626,447.815966017,277.939836656,629.660754354,301.939147948,180.811131009,838.411180364
284098.730634,248.837123673,224.558258979,396.075282497,538.508249788,193.11474156,824.569361185
280747.954196,340.763134568,158.222589636,355.556183874,638.245777289,458.627065959,580.393892368
378582.260961,168.861521266,263.85911301,253.091490245,576.933431504,15.5192264697,672.248662018
313933.855099,169.548511212,108.061613225,677.41198727,65.5218449401,251.625787383,815.505510743
300360.817298,439.589010038,264.997908804,601.109182628,49.5525807952,561.389448469,805.987402101
248402.096466,672.437913427,309.525513699,326.579504924,679.211422612,539.794720077,808.266180709
338181.377395,549.173109501,56.3582377219,19.0910348764,958.819592161,691.065257649,788.341551349
330043.744509,157.514452395,37.8469200962,14.789029562,636.850305117,545.005512948,557.570357771
330101.498977,62.9506076594,538.819019294,649.907853597,533.865078417,606.261391368,678.409683434
265359.629577,204.894374532,535.442379216,706.638634252,486.404291583,294.437508829,860.561729988
327732.463864,642.052569317,307.00563927,654.329837417,332.343782671,46.8909418518,942.311977609
281896.935488,189.055320224,425.048310869,421.25168108,279.349015806,641.133486042,596.760998645
338745.936654,6.5591874058,586.792490983,69.2942738313,670.364817219,597.521598918,579.745596503
387970.986709,24.7571840651,156.057470717,581.277506668,493.548010194,588.088197096,543.77320904
342093.343718,16.7079773024,376.866379623,721.97604052,80.9783127497,191.228443388,880.631765722
502978.177038,121.170346672,726.410518547,191.8423369,891.124632114,414.369937912,967.089299645
424433.053705,1.2800622591,289.539637762,192.064242901,935.059162685,520.98097234,822.987262398
219495.769016,437.465002551,368.536259898,214.681931067,715.159119505,704.212390401,937.236746687
308317.230048,203.69145157,434.629470125,209.734519082,586.127757981,753.44418337,120.34091737
318505.859186,543.783862006,26.4105047588,272.057966352,739.135476927,194.983424191,1009.85097195
277157.332943,334.952508557,512.868035987,103.963444324,841.721002817,707.781048559,546.44676664
405304.468264,80.6986954397,657.702435844,363.066057465,727.637998202,720.771208233,951.931306627
246530.999644,401.35292586,132.706881303,111.916966946,730.464391601,672.261704867,410.934155295
308885.303438,280.285640483,261.482085406,290.523788058,828.951936452,452.104714959,952.674802175
314863.018208,57.1986027705,310.283549779,271.570389698,526.580809163,693.764725714,128.103376417
379017.839489,33.6549947619,443.971522141,271.529738939,565.959389857,326.121409942,977.981671396
327173.823326,426.907657468,394.81980186,553.825925256,442.536976658,783.616414601,525.737371021
255215.029616,509.166973984,176.553463057,324.647081591,538.788198683,541.844566158,992.360446854
315915.879693,382.397779504,383.907918634,531.441670934,320.99028208,432.748181878,454.924320716
281301.12032,394.579528907,638.868782345,659.147041426,454.916952109,21.9348239299,887.198716842
295324.162932,265.36358985,454.980646824,511.636594741,382.791458903,463.359338939,475.298367235
337759.360364,402.801225614,588.301034647,577.972024499,628.900889092,449.913385209,957.384975844
343649.710714,105.709572635,200.872120246,336.621173394,470.973471812,440.564792109,467.706416947
325302.922666,741.237896368,293.11290808,491.4874828,829.08229282,57.7985227845,1009.65403886
386707.980515,191.371401392,3.56720461679,533.754857671,27.3175928882,581.070826742,397.167946463
399597.87824,118.687875987,436.532421459,529.768390619,806.213557561,760.499670843,759.294002481
388065.23652,214.612603234,250.432917856,283.096701256,389.596696546,272.341289557,465.006332035
336930.511759,53.1779733467,348.89578647,715.565475042,212.902910177,670.837893692,555.843998206
278645.526882,326.571090826,450.996852865,118.361597957,771.679910521,777.428001291,673.543002325
304849.522051,542.290308456,71.9347683236,82.9773034722,616.893927025,253.891151922,657.49660098
291043.246128,414.203290337,135.802651277,459.136634139,493.430916647,625.111014771,740.478839941
333587.495551,267.406289917,466.708339862,398.469944819,711.904195404,512.846962771,998.898555694
291807.161508,55.6683537392,469.336550226,395.687449168,435.316441447,167.116954587,837.918613033
385415.736381,192.327392357,10.2953034657,457.361199325,38.0732577431,80.5844600834,802.119311853
331826.711453,138.68952661,37.9615370837,524.547922469,438.482995259,699.798777636,974.847279825
384357.239291,320.414911154,12.4462295973,306.159087174,334.45923722,407.3582462,342.631414409
262749.009046,432.742130176,410.003332678,244.769066626,716.504495033,205.292214413,753.72103598
285351.282791,481.185279773,202.415313835,149.108239308,549.101968174,679.985708073,195.17099937
252468.870337,89.9594432099,634.448475625,646.620981338,326.80663164,730.691265658,776.995442082
414469.40208,139.449247333,17.2507269252,403.4641459,115.791275813,739.47355608,744.526804672
255157.706612,308.470229586,589.110643588,642.060388912,336.845499553,31.1598796176,770.29525108
270063.73593,471.015820585,309.558081412,367.607646853,543.159545252,12.6306352209,671.814223307
315658.266332,41.8537304915,548.921444059,693.089394017,504.251111067,604.739276295,943.651421531
351073.509024,689.534826432,11.4325398536,686.699452091,158.508626526,578.809673366,618.174766433
343631.789179,612.690238203,22.9987348802,760.165271352,431.656567768,25.3977182301,938.653231657
349489.208782,384.070845439,605.202193982,777.349708255,703.578282133,483.755715307,957.840997785
394054.76916,146.566622639,394.064160196,262.177503863,800.673217768,28.4646295693,947.752335039
435358.563764,565.273949561,276.948561784,605.797330413,205.914234396,623.468165411,248.892538476
315746.967714,142.178316511,861.29108411,703.715154649,517.611765684,497.265737656,914.874495168
281142.471999,179.89238396,422.478854232,571.430861062,440.494684463,643.886520011,756.149013284
309991.39482,366.70890252,264.429524985,542.678385578,812.947848928,458.594220179,921.732668139
437713.971055,77.6108360633,365.431616342,450.82014219,911.028466115,651.095090079,971.525186364
428820.479001,87.586930581,599.09290483,469.90710906,828.340770135,716.212149715,846.466646861
342572.031474,338.074588273,544.255360768,390.693385558,658.162984357,33.2819059699,880.578990209
268658.018144,252.958441252,323.299235515,602.800627785,474.466996379,163.34662381,999.609861622
356360.741472,475.855699515,45.4390906773,650.922360655,458.972047362,691.736417726,704.334035795
302820.588534,268.122645141,275.750256282,519.120390625,152.128825883,625.687747304,760.110869807
290986.299362,428.299249193,476.110452383,546.312829595,430.295476318,677.521546886,997.67558627
315603.192012,453.288184484,87.978452245,381.512178581,360.942516273,647.486198579,487.41371724
471387.553496,312.601010046,911.489127363,758.427945095,769.123436497,665.818085338,962.847312169
304223.931427,227.942788366,104.303571658,488.214517612,320.111511139,37.944313201,890.555173037
303781.984884,344.037032315,435.603565596,17.5439678286,968.443583326,578.430800318,868.722602526
289474.65091,570.421020858,275.31058821,535.878211457,556.119191355,721.393150821,891.209082997
233720.627878,624.240797014,209.046993489,262.953661498,736.712878962,592.602537199,777.384590233
493910.383277,96.324343487,11.6968810742,102.426626248,302.646116885,467.262893672,36.6720574449
327246.32468,295.885293369,117.309209929,482.541024492,175.239635452,271.724602756,455.898472696
287885.458523,429.099498274,423.672028019,707.263180532,283.893313508,757.594428554,875.014456501
316636.249604,232.528146688,272.758047891,114.101556355,538.102677293,448.990260283,683.609303239
297671.419322,729.755589573,361.927152372,77.5455984155,893.499691758,671.002571453,908.724862278
332646.42689,320.745898068,473.879071388,583.168289534,759.783041618,610.492617813,917.387781093
422655.677092,94.3316211151,50.7880090323,201.513510843,643.904655078,131.923322539,738.421973978
292775.931143,174.948592119,7.76854956804,319.881608385,713.565575428,748.87084945,457.079576226
261103.575928,308.362104607,277.685962073,136.442689412,753.783490751,779.581827412,704.329828491
354613.482382,157.792356103,272.204019035,452.056735771,706.135018679,746.84743952,887.476736548
360502.486298,210.0612338,547.244937997,240.232422267,621.455561446,633.661805483,808.323333196
343600.430559,181.281737819,130.166400982,273.837841251,300.606535822,193.763065972,911.086944987
456956.630166,65.6700629233,101.349834343,503.77904867,234.068976598,756.528917429,57.3857998269
354256.751974,396.290748905,102.205801289,596.16887457,57.5667673068,573.863986376,855.646229518
301582.369005,372.801424551,53.3076746756,72.8596207069,783.499713052,484.207753635,693.058405243
447686.436931,133.680553719,33.8228547067,780.653863876,608.003372197,680.335025117,884.231420264
323916.114885,176.370178688,398.12961249,739.281359436,601.04122974,319.964198609,985.51160604
317924.347206,365.146658809,10.7528257336,83.192229735,709.58960018,464.256847264,714.151924768
307260.514865,268.176835243,499.77412267,216.406733175,718.489124014,696.017376465,824.936464097
460609.11349,41.0362707816,415.024813568,427.150171145,49.1029974832,18.6558170261,454.3868148
289235.157939,312.531731341,514.309600458,241.429903689,645.971637312,725.921693904,585.312768749
314981.730191,143.420736652,385.302967496,525.169537346,510.299418389,747.875610704,1000.31830073
525463.972197,135.241116915,898.954920696,254.008010692,886.081623113,567.053279063,929.541569183
286063.992809,208.903108685,676.184416465,325.977333609,700.892770534,765.326278266,366.521470778
362820.050119,409.103943696,202.552288314,451.16124018,355.337664344,779.291881833,150.785987193
277789.322042,152.931836922,84.0043016296,593.864020394,177.99499967,165.460176686,664.775989324
307201.746281,680.735154128,114.584334897,732.094214251,148.294177579,301.880178879,771.721425284
370766.131977,122.260925014,380.010719793,438.110155515,131.816974005,6.5680297003,609.872724677
291319.781628,114.715109191,465.084835578,432.489312869,572.518426512,735.246024135,207.134264358
256230.332419,495.457075719,292.443567007,300.974053934,572.870408292,688.316336906,126.577157398
396074.714457,278.585238055,599.056591652,161.186944657,732.907047399,14.9752991741,773.904586233
249996.338193,408.664379231,249.90419043,576.023401919,103.947778751,193.48408697,724.053812655
260792.773301,304.447642137,225.91493702,498.433142917,401.513428499,193.1206394,960.339067816
486611.038572,443.615007098,121.981020952,519.561566051,41.5829208851,771.564795852,275.554287184
482242.378393,30.0620547427,168.098714072,10.1453496069,283.163023097,276.536502606,891.843642035
332197.883653,168.474720135,106.253247748,372.951673649,274.778364341,78.7568112457,607.882138284
279562.131502,154.162205693,356.205399175,544.207893455,165.077445155,536.070322125,645.154865996
293137.366811,535.185137142,475.967795926,374.85039404,902.38895855,771.316520776,640.502587394
372679.746615,41.1250312587,5.94745759306,642.016556893,556.739636221,26.9730378678,988.399152534
372930.670826,251.050142363,142.448513794,687.961010237,725.971499775,495.764966973,964.726495047
379116.262464,63.9351767418,913.623935163,586.9516336,746.867752795,768.821896128,560.156979633
346690.089909,112.244615025,109.189877365,297.051924296,494.487842948,689.444238469,841.877083783
265614.203157,371.121700798,67.6649122382,449.059168399,539.593869265,283.801887928,817.664609642
377980.090795,55.4704106793,237.02348308,133.5581628,657.055649459,656.685012112,814.146330583
278648.772698,414.753110474,490.586578434,43.780421444,778.111565793,782.450993916,397.151989631
289758.956023,465.408099227,333.060542659,421.865757962,504.10447604,626.311564577,480.704696945
309302.306216,148.564863445,277.073252006,583.532047371,289.450410972,678.658304029,722.390284625
448985.006324,175.659450731,206.847357568,155.339702053,279.251723243,653.319408209,1004.80828774
330427.897521,51.9324975142,184.4664889,692.588720541,582.787234893,273.287776244,898.272965404
314096.14142,307.977549457,452.109162495,112.841188287,743.63748434,348.25209625,1001.03711336
296202.093408,694.290227312,124.319582084,447.003461466,770.897045596,251.740655776,855.681388603
263764.664726,505.74669,132.589462266,488.531263644,609.321220222,271.821466851,971.43293662
294338.484213,410.930271177,63.8612604955,273.89218809,499.404588537,613.08340332,762.154328874
269029.836262,273.970570365,456.96430844,546.314103931,454.846031483,20.8616135597,906.606967293
308631.97234,727.248248478,192.935863195,221.904172195,931.875861737,546.905036124,893.162137249
281324.96086,298.468011133,564.728947304,731.216685662,123.154868307,504.708732663,656.916620147
289373.687724,689.419491812,60.7600435968,605.394913918,577.087808857,213.26310455,939.880810029
321268.352215,323.295005158,611.455392109,719.146384437,638.182101952,139.900253226,1003.91186336
387264.31747,672.257851403,630.823909947,149.583439311,920.486982741,333.522705985,966.59120469
358060.602012,19.9980373876,217.46685464,350.006111187,595.170621533,624.469502519,910.067057456
363582.901358,234.477362048,56.0098386356,509.763917002,683.478962621,552.003248607,997.62672062
338296.445286,551.073533594,145.1325605,569.477014798,302.550514403,701.088447495,723.294253827
447657.12274,84.3713961458,335.674526109,166.158967335,414.612271523,11.9460415772,915.328900219
388441.786534,136.777146366,493.682025402,534.258192959,761.529488913,735.172225074,926.208661802
362166.201224,215.703390383,181.508891547,448.279500762,315.215690669,593.918370328,394.067725212
456986.067469,229.98844285,212.238927431,291.68084669,210.056034912,91.7634758404,380.075285682
381099.173713,563.425907769,54.9369330643,781.988548781,482.195803654,674.069469878,976.942562452
286592.498627,281.340771573,203.69864833,550.468230578,35.4105150695,235.439842072,763.787034391
314394.250974,288.500855166,182.919809701,553.865425974,702.033334724,71.1117548959,1005.66737714
325725.423676,165.566058792,227.169134909,340.237315634,175.945446212,390.937454802,840.060661635
336864.481648,602.188770353,472.154407386,726.451576331,303.096666665,690.533093297,886.420206688
275579.601235,581.831082018,564.107480949,186.604390228,802.884514972,774.937693192,353.546011123
378677.632604,297.02380959,750.138230675,191.742203426,811.20799709,760.670072076,687.463166017
424629.261764,154.211090692,196.045354754,103.163198566,303.257410141,183.261704246,888.090215517
338487.200474,119.327215384,339.912336547,396.542264636,410.093895147,530.692775241,460.345837186
460207.607536,149.417205596,46.6271359476,354.544351776,185.298060931,776.25447913,197.053333855
382332.072228,267.04730748,605.162410114,289.891495669,821.446749572,152.67505331,901.485420041
506766.189612,676.744430909,209.354707805,712.414459454,80.1424525293,732.801637149,303.032116133
341684.638824,144.656379039,145.288921766,341.411932901,309.666804511,570.343967896,959.856963422
373237.354682,149.552822103,325.716337645,212.472684646,989.723581126,618.144141877,899.679789808
272144.10716,321.798702946,180.066627705,606.452673942,165.953659905,127.422273999,639.024875249
324511.722233,259.987223163,89.0875937661,729.377365404,528.182033746,475.375403149,890.047894004
275224.485798,485.42696082,96.1318139888,412.364322861,559.782975349,595.623832299,1002.18823551
320466.832796,339.410611693,548.141496735,143.004931989,673.311260945,515.444823832,657.150044841
331527.027401,41.7451342338,173.142898511,452.244443585,556.881714294,386.834005469,912.191431989
313162.105619,6.46293726497,647.280756256,264.158804654,632.026745797,608.085992542,568.883164542
306751.679029,395.252384898,553.688744492,731.251786436,289.766081425,773.07365904,257.897795325
379070.948038,245.463325419,309.622135557,480.46391203,87.4009422079,766.983978347,230.778874414
330161.622513,261.337319883,526.163778582,146.645047035,827.851016282,510.245286425,770.737545448
394823.407082,52.8374441979,484.426243995,119.266655396,731.646458943,426.550533342,737.686925965
312310.194671,134.905452076,98.7548061743,130.431686501,685.986337755,771.053993828,540.389123951
301511.07583,462.473365847,382.733436371,473.164547762,429.490619236,578.089681168,972.6717366
318243.54124,302.52546994,42.638806391,426.472872522,705.56701583,190.071915848,845.811714298
443276.667243,646.965517477,674.392814205,478.858428041,910.077426587,443.660021719,950.649387581
428480.76441,594.985867725,604.291032199,654.733198133,574.782258815,784.344838447,635.439932409
306787.936485,346.864004218,535.438609747,777.750427243,145.75913854,764.170588618,278.761738321
366205.178761,102.259892754,335.308682841,505.830097022,92.6720360905,23.1855961647,959.329740704
301197.207254,191.101579659,434.254036874,743.111554975,302.764062375,35.1508888518,978.203912671
258943.207968,220.097112693,30.5542533795,553.64308518,342.964776489,247.989335845,884.173043583
287094.706926,235.847570659,461.181286646,632.133105352,8.98922602328,598.415438608,583.760088584
307011.462392,577.701239349,337.783703325,470.060206482,492.139007742,678.983610834,229.982921608
315476.876177,330.730415019,481.580432556,614.794472226,119.666193857,637.927225724,122.28458557
245356.470922,264.806820233,344.171732415,719.188957167,335.049137145,403.976338345,768.158875287
450074.256677,298.305008669,17.0962829084,581.770614328,912.50884591,555.151595074,941.382369227
256278.266678,380.443387612,390.258295423,304.25344068,647.408083695,614.155002948,776.772828877
251634.384856,551.83265098,145.001878479,166.205284892,558.833667192,453.327750253,651.480346639
314621.878743,119.276008941,556.878147642,108.949365573,587.530103216,492.351375733,520.292207072
446180.075859,294.450367022,112.931531429,673.864229555,288.33093096,775.01967391,138.428894273
307934.906786,196.977716447,103.405914849,106.697522031,530.064493171,562.210576227,542.508758587
281951.570419,555.313207369,188.907449722,710.497491341,333.702075635,385.677829163,948.664014727
279624.063583,388.411522061,175.230848562,224.180850272,459.572130385,475.191170537,724.339686679
483076.98762,154.970482531,77.1006190528,363.127846813,132.558287464,783.301999196,250.387017626
338456.142644,160.306423512,323.884292808,596.565186107,117.788519711,765.214780682,870.654027779
443348.994571,205.52981463,779.353442553,510.566049852,841.923800852,657.335604854,851.962708745
257756.071327,500.437529553,419.830176212,91.0337442406,755.246997136,618.063753383,454.554681163
273466.419153,468.921539295,97.780061297,627.768593592,485.567071891,17.3312709708,849.062832816
345824.603215,119.495886154,106.992016585,315.309421124,654.399569515,654.772895594,771.725513852
312884.839213,211.289364045,786.710908018,436.475925691,692.610351146,659.002472903,570.713609652
451959.402301,88.9614840779,128.392456655,288.678140693,94.6397449621,241.232012511,338.813423417
325116.769681,112.779234334,380.069491173,727.827186099,580.037810373,395.858468227,893.866832449
373925.783743,48.2136195634,355.057190651,348.18167205,110.45684353,613.957994298,943.452873828
257437.134771,590.607379972,345.609170357,712.368002574,440.389006071,406.395614133,745.03896786
374772.019752,154.946825232,388.811312069,329.006099896,822.810502663,410.305763265,807.063143589
366722.520404,717.755255184,146.137936554,552.831021451,802.567310898,658.437919839,849.986456906
304106.809314,74.0536445748,245.773085513,429.820418344,156.26252567,220.113169368,871.902447722
222493.742036,487.881693722,299.66041709,252.209162573,625.601868388,774.347979378,699.068695034
385152.668248,62.2080490573,34.4913418916,236.030384644,577.54321605,333.297836231,744.279145472
323719.692957,302.238049052,482.856968728,483.504584644,581.01899978,565.83009754,746.764501759
258593.732779,255.176224044,702.170069897,560.45796883,527.431079317,735.530395693,367.908864914
327193.514294,633.660590053,209.302434389,484.811558084,960.045610129,635.209111321,978.058336804
265607.025434,639.636933903,100.432542761,220.220950725,765.630736745,778.280752221,681.611840753
282466.351227,175.252968099,393.793340748,475.374531325,370.794610232,320.310871073,556.744014997
246495.286883,478.906585525,141.109195536,404.364935451,496.794096962,342.464951226,822.176243835
291061.731272,320.125415424,598.841453573,465.299971864,674.505632914,776.689041304,366.986485809
261442.838228,684.833235881,134.304180632,125.687361815,777.150479678,629.510059063,642.754504333
274348.210535,437.324142389,394.713860553,660.600657182,313.260958741,85.2439470755,1000.99118784
335493.825921,401.369837122,383.066791718,508.505920873,275.81015432,564.423660953,178.611520985
468397.451528,12.0777433088,377.745550674,49.9707062975,765.710557342,313.324836202,870.433893022
361741.429093,88.6375202077,750.766753288,571.002197588,654.878309308,60.5336790563,925.828336879
367039.961326,441.468054671,247.844964197,779.92825219,26.2639165192,781.05752632,788.559685305
261198.543368,118.942819528,456.690149586,560.165131773,351.879253765,651.744851992,897.850853884
411089.04953,604.515099525,617.098387207,609.813676727,710.012002513,504.658188567,971.894135607
361766.797578,302.957944694,114.740252875,277.321907008,221.094134362,369.037657317,441.218999264
299511.004021,708.288121956,353.499543845,116.992468521,930.400440968,453.348279997,897.952221534
321926.149577,269.561841215,519.934930422,567.672826793,633.510572268,423.879282796,761.238844789
323907.394172,306.559425974,242.602259284,518.358891388,710.792576288,587.516739918,778.064119054
468002.469243,64.4970555233,122.011316336,158.208672347,125.931728712,346.346151939,984.624929903
317749.463269,640.127897874,281.708312227,484.892627525,936.239684577,783.393869782,893.80216337
359093.951527,47.4565855806,285.563355137,503.462871564,228.168185125,499.758985258,366.099694743
252257.963683,511.019840055,416.175101017,131.098362157,789.021309266,244.358791795,860.40181243
279544.833504,250.99454577,271.334983826,97.0715786762,517.543477262,616.484299911,436.839454604
279564.38966,692.082446684,399.221165427,555.310721914,723.460062577,249.399792528,890.777616843
234983.790238,383.652312327,253.247500687,237.551036117,584.531965903,607.736028447,443.70393339
388151.60744,269.614682128,147.682364788,700.665862325,59.0531488956,611.382172895,354.209326122
251369.809639,171.27575476,503.882248512,627.822872434,373.897517224,565.502210494,996.846595138
313755.790886,255.43733789,207.753728847,637.794419426,520.07793053,584.331956487,958.793042156
289390.641928,611.68791064,411.126036623,656.100047788,425.329109052,434.905283285,682.191585529
361391.086536,83.3915360208,167.008419831,387.12627961,173.412692441,567.802418442,921.103572759
443716.789597,446.123871976,755.55919194,376.658414333,866.022662089,687.188367648,1005.11425554
360933.987076,204.355367324,46.1765418953,395.266145526,662.688316401,388.19785354,733.895352513
445798.656788,60.7345840663,140.898708764,704.527776885,741.357310897,468.805063233,994.000279307
294335.165203,252.269788088,492.074134131,559.444069504,36.1618432942,425.883776708,996.898538429
323913.791951,175.988211311,472.605601191,316.973221469,875.963861443,747.07175876,644.815433048
290050.722749,193.559542313,505.492991755,780.992800119,201.15021131,527.103770077,941.590761841
295012.587074,200.137865438,273.845809264,400.34938049,167.639792222,186.846992536,806.064910553
412624.60567,376.364135318,737.513884449,524.585146146,729.650357146,358.927189158,828.167567453
330117.587443,737.271236481,87.4828458352,301.962940179,903.499869949,624.037797426,756.545864
287551.253659,535.276859671,16.0744175491,94.8881162488,618.247010515,434.507842511,596.011450397
307629.708035,148.698545278,408.870341553,480.132146045,371.547578969,718.951959261,270.13276882
285510.555544,396.83752075,447.579374906,336.608174332,510.19064029,575.078004766,347.329092397
339494.352266,102.849015514,199.478933197,313.247666955,74.5022650115,327.013780426,620.650484387
371306.423971,264.94563669,222.207745898,385.398141891,92.6052025963,648.766116648,385.619319204
313918.62718,246.39877961,232.093679829,325.408524771,713.406345332,503.932512063,1008.13033145
293251.509133,325.110964715,264.725175871,382.235262869,458.032740071,505.449218618,995.794645185
392522.708388,151.362870078,850.378933534,255.03199202,875.174933299,761.255842518,631.784154449
304946.200258,461.995936778,552.846052025,527.100964269,511.657471737,260.73385485,980.627821368
420317.013589,699.54578243,435.102046603,743.751716457,801.673750557,767.537406718,861.599372543
310920.589542,456.078672761,554.730520309,353.725202628,670.877281384,283.277662613,955.145414311
461484.720533,14.6479991692,620.51154327,48.2545236097,794.721634794,439.03264103,813.725501485
437527.740403,271.342117155,745.851357744,215.64134754,914.523911294,514.862472786,924.084491078
305041.975191,513.106596434,600.597111812,595.401365706,525.982140714,134.924537893,892.814838017
311051.309867,78.7885788667,494.181377444,352.596251736,441.40717486,422.085351925,934.44006248
336548.395021,311.398880275,375.294544067,691.89577872,162.054214819,735.816168646,246.690632279
264330.932494,451.21514416,292.497987047,115.459363323,874.227107953,369.518263827,968.230240347
468458.017046,75.8565543587,610.790818073,7.28704018449,880.095452428,557.674293006,928.531845458
309524.098227,54.3402892243,627.088120111,249.849487523,794.927447644,760.18389746,470.02143518
376840.201651,23.5486304007,36.8748149471,79.6075322724,637.017786847,739.673407504,100.779009217
282841.927608,567.115205571,37.1136883218,171.651057682,595.982914086,634.728279794,798.264593888
335761.571384,769.342775322,277.053536724,566.805428956,781.560641434,362.066393546,934.577753005
269287.303233,521.892670319,9.72697646464,725.887469595,317.960583112,279.737104899,781.041649918
386518.401624,132.248384222,291.690608961,151.783959495,347.255672938,280.880254345,784.881506328
282166.920645,467.109050704,263.530164632,5.83073901634,865.536076459,419.279451353,986.191745366
326169.284698,594.319852022,427.249294618,674.13851249,697.678459558,564.352562938,900.751765933
308729.36568,123.985689666,389.263906165,607.283458122,91.3654000386,669.742497205,616.820820208
401126.406581,305.760933816,107.04620361,27.6624606674,329.131216813,445.600819829,276.339362213
329564.603553,318.340807282,105.174874681,51.216971656,451.227599185,377.56267424,758.508401441
320750.143544,181.035203703,380.952006177,302.837868439,348.129029941,634.134221173,306.549841439
313699.65014,304.18955205,182.302214925,275.976126664,395.154361314,581.711120267,641.257769159
332003.78927,104.850328268,540.776879333,634.470319861,610.371798262,561.014520381,875.696738058
281023.632081,379.695974391,381.841055589,643.440574733,351.245816751,732.775556879,905.441723644
268904.639283,308.018192564,225.32791563,417.372137761,541.737146096,114.731618572,688.792306307
235338.790323,680.396214724,215.758925338,588.559570164,448.747467455,227.587926873,810.805352819
291748.05926,709.207086981,138.156883303,140.579274737,805.498364446,765.375257784,388.762335356
363984.569405,10.7366165121,361.370856043,380.140446425,601.082109168,558.654962572,864.629438801
270819.756531,439.626182083,337.461163492,69.2153239418,673.606841736,718.93983504,136.414121951
385329.001471,447.126996786,101.564266789,663.116552215,834.771809513,650.276436101,957.44031951
365706.435393,115.785983331,719.227885686,763.951357701,104.766384633,778.484719186,136.057547599
322316.593114,476.102976573,23.1577507348,452.868749529,247.336669097,416.780950953,463.210208796
451545.42504,139.837460747,793.821159152,407.385835992,777.599378954,58.510926451,941.30205028
335155.165355,167.30156159,21.9650131612,407.990277915,353.11510388,701.873908028,844.634913669
272211.643924,222.797583318,60.4235815732,621.1700598,438.853530893,251.755128915,907.43766595
435621.704094,250.957216127,42.060176214,41.4821940144,468.116476021,94.2768622907,913.44616503
299338.165092,65.6217053845,394.382157123,666.515480195,94.0359550591,223.832578202,773.630749042
370559.062526,619.544651195,298.590804709,750.029911973,688.476649973,745.532934464,836.071932643
320994.130486,503.803008516,149.099737912,636.089803716,207.518115416,566.222402544,891.216449547
386974.982056,292.646798863,22.32560861,53.9856237063,596.416637531,660.601820663,1003.36484556
355499.28205,259.015162626,28.0774399251,538.570053247,34.0041484677,595.499675921,590.093264779
305986.600294,301.53573861,302.507988612,80.730759249,745.892775351,346.928113931,980.679987994
222981.650098,566.611654054,278.427774934,281.560506577,660.131815541,509.405422544,873.93578177
321061.565409,99.1274871161,417.187433839,290.86039943,686.040245486,761.224290647,601.907432653
310934.987845,495.95794451,73.3176450975,320.505789902,806.052288363,107.045325464,881.566199435
265210.907137,390.511945537,368.773102491,122.329889847,523.55676627,292.02860012,859.592618064
336397.602094,572.490040751,38.7612911219,718.848065802,114.208175579,434.472942303,824.151615334
325760.344526,89.7156298725,568.64046152,23.7979302113,628.289572061,725.294572003,397.601796293
337620.975714,307.153777344,321.218965311,326.138457177,332.982711613,613.687104079,707.74922291
293972.156198,342.468461478,468.177466965,363.767035952,815.972744749,701.071427837,805.494156601
241752.669783,602.465729044,296.615505037,193.938398277,773.082401405,243.929006181,934.368556689
355006.79122,246.893139539,471.851219797,169.310901724,778.236514525,139.926943947,944.181983958
327417.792381,375.065590531,356.367951488,636.370572522,868.039374089,699.636075813,858.673240994
286155.420285,351.432096826,258.630030498,534.315959167,153.078794229,498.923260408,529.6401326
295445.386514,329.481537747,393.823149506,212.412741309,515.999663544,369.678554216,942.214973824
337932.9671,519.46013615,108.2182628,632.542289449,177.820343335,620.921594295,714.892921244
295275.845622,277.043455249,473.456874502,418.286534348,633.401130217,641.499915896,538.657046314
375233.164946,34.9035360525,304.794658667,716.999747943,567.253710162,642.158701234,917.89496961
288767.200033,76.2434721823,66.3727972695,427.807308158,400.572841099,332.258934027,627.71516163
460991.619583,26.2890610831,730.423957701,547.561822787,808.679678366,723.900425638,938.940334169
389610.52061,209.260465642,67.3514836599,159.018098496,236.515513037,478.698464739,805.738293815
261134.084997,306.837102271,462.301991224,729.849712326,158.953073272,405.907568621,847.134213819
488479.295381,23.0429216307,481.076339805,18.2555589714,709.460892589,239.497088962,846.431574791
265859.107109,389.736368564,238.058974349,243.926102197,820.654564029,432.753424804,1002.35750218
236249.227293,369.879130817,347.076623079,277.351215667,634.818741853,624.584706837,449.523668103
296049.769893,166.479916182,335.987507334,675.649917675,41.5841939636,259.354957205,670.651281515
238339.174079,254.823325292,259.554173676,717.557981871,309.595235227,324.920554976,772.837644067
365698.699186,18.7042837455,481.566353727,362.553110889,641.162357716,465.762560624,616.748020464
634391.003077,9.81233981645,87.3696561383,321.510360786,13.4785742101,432.897788263,10.8441028983
288219.006714,452.153134245,445.337197179,454.964260863,797.389519581,637.165170149,825.521695023
323769.892295,272.629020479,465.036756114,444.095124447,668.47835497,692.185230331,745.730990334
541370.845039,401.930985504,83.5515549466,609.853575427,47.5359550709,773.817820458,140.323879079
348119.817773,417.125967105,179.286018666,623.124000041,797.949120323,643.676578132,842.576177917
385213.507247,3.36666335724,247.125999273,777.961083206,36.6790021237,530.488237316,811.112585025
312042.320019,169.802917915,614.055471538,589.853270774,635.7076695,204.909259575,924.728012919
344096.479054,540.750917432,158.381450928,717.729079271,176.547013258,605.640956174,902.766680431
597703.510816,25.3007586265,977.554284674,413.529527667,951.497197378,475.900221544,936.214302239
419646.027579,554.019248251,708.894178087,283.255625547,936.583891402,259.098546238,1007.9252055
378083.34801,232.403053387,866.593134869,755.527316478,602.586116841,387.359404916,897.467575331
371458.730465,86.2600835921,208.979960501,123.665141425,211.581252732,522.402616059,462.534291356
369717.02469,127.870337507,8.26738113792,548.088727295,524.445087941,601.726800097,469.958000415
289403.966737,578.036904383,281.696877348,727.999276569,112.094532841,58.3166840214,760.866797453
352901.1283,365.089772141,617.385194474,428.410087294,618.377395224,684.920622933,728.063261361
361976.024148,210.342744678,615.920136031,636.625492876,707.92824615,741.882427163,758.701840645
322513.517272,471.966557177,234.611128466,572.047284358,370.033895833,699.772685186,739.059262884
338369.64942,266.34337358,238.936774922,82.0588363108,388.621825977,306.576076773,870.537277349
468033.791473,24.1361265561,348.018229775,383.836976669,965.53336412,689.67460612,971.263298991
426031.432555,96.8329423291,61.1781478007,209.215577083,575.986533754,176.652138335,603.993102223
418823.242892,740.662054121,464.397030023,666.602898923,623.185713496,687.662850628,767.179588827
386651.35803,70.0631896546,360.138287403,179.46021557,664.536679485,541.436191532,861.163387657
325602.600471,96.7684767921,441.985980655,471.642985876,577.002362824,50.6853427495,925.394626362
482155.35004,165.535961929,291.636758625,120.787579978,451.474827984,18.1193659663,478.277532417
315232.770122,377.060198993,489.148861389,503.360870392,539.476372877,728.109973132,901.21582229
342988.395834,323.354297894,7.76590156112,696.266935988,256.5541779,603.263966959,618.174481683
291135.672853,290.871598804,316.037887052,427.650253687,202.773200491,457.360744607,552.225937796
321830.256919,472.662632651,83.1321378534,328.12027883,957.67868296,668.948693199,915.611709832
424039.323452,747.079774925,523.10929301,603.88209968,718.369582662,775.645779678,591.435059865
330872.737923,44.2189565253,721.061952984,726.693825696,52.3614047096,578.926444925,788.948755697
379158.539068,519.882249662,213.283198752,608.006534789,78.7310071333,773.535512644,774.130049407
599868.04086,19.523378657,907.392268293,566.272924566,1006.99153273,757.941758955,945.047149811
302073.694738,506.410137289,582.006462483,712.879463346,445.584353273,370.000248284,947.860280964
412627.166891,437.822567103,78.6164199138,714.156419529,191.887183692,715.555475395,437.025401768
306384.157546,135.735541796,361.504102085,490.961729996,184.811493931,641.623786597,956.298227053
298069.487008,263.144863829,240.990895723,130.611362791,625.310588545,710.581548036,903.008946286
312688.170839,349.268341889,224.225409032,397.313482357,439.95438484,521.505139908,506.791761279
370068.679657,52.2162526406,451.343538732,516.446334722,84.9255650033,606.899318668,174.970837059
378415.288141,72.8958400404,263.697905659,471.333334765,732.933608855,171.805056241,965.434613447
240758.865739,260.40055828,597.916713173,673.112759025,268.606063151,488.724881717,903.500514795
268891.83689,180.911657502,574.987517065,718.065087216,439.37494686,540.278134558,875.481496688
305787.643776,288.182240405,442.306239526,403.188951439,451.063182413,605.779660146,848.442310982
324723.546289,88.6995877193,699.952009024,542.513074399,614.17445402,208.471852648,865.686345123
287925.97294,304.040298345,558.65809334,424.628445456,484.98750692,685.14829632,529.37283391
259308.565087,478.345735958,305.893056552,602.541394555,479.181693955,437.92611178,901.96271146
511959.789512,283.995871115,870.942907711,316.222023928,971.745117505,542.079045785,889.178933373
334056.925439,64.871766098,721.250357236,504.677185588,588.271946426,473.085969861,678.846631485
351541.284589,150.919818411,306.665253052,93.7737507614,801.432938391,560.022899458,835.581001719
359583.309583,605.161446932,143.42378422,625.233927252,109.506582234,0.224703605503,713.475266324
296760.217837,229.018445302,379.03822511,553.265933004,97.8234802479,617.680256865,957.560069604
281679.554474,182.457359399,473.255372181,638.876704967,79.0907856371,327.91674626,876.533087735
357732.744513,667.892850683,393.721580828,710.356310221,341.367941646,617.855806046,690.632805831
368061.636656,219.788544072,204.678783995,402.826941117,960.534375902,636.017665224,859.565894369
478262.495837,66.7268786723,40.4823488822,184.044925013,70.0364122628,686.02847856,277.194794616
311301.009756,109.625564834,441.11922353,392.763037038,451.102150222,85.0502182743,721.079493375
370297.41962,230.518460845,347.40951458,665.758145896,734.621026585,727.708090398,806.982487637
332353.723929,152.996165408,343.355855857,719.720475566,208.38748519,684.954627444,407.502695089
282835.794816,180.758672565,772.719840596,735.530653155,433.87128363,483.441068693,771.025679298
250090.930944,294.131354681,516.648245568,602.951861044,141.015902193,415.333719372,849.40756148
295541.995799,384.906661741,189.139396255,350.47451811,262.918512876,130.312781815,786.776637053
445692.066687,40.6308844399,108.383253861,62.7001330214,430.430832419,368.408169055,873.694546838
266876.746974,29.0469100969,665.488015536,315.634162033,652.557592009,666.658707269,353.980463192
244368.167091,67.3990096322,567.829620921,615.320231093,341.21295389,224.967467247,850.16627898
278913.503061,218.65612526,84.4111657521,676.304914099,327.643225746,441.350679199,639.950332888
349678.425561,16.0975498925,329.873501358,501.128714769,122.817653451,22.298781811,741.135837744
288417.678034,546.193084388,74.3619391057,465.198128528,666.360981955,378.733224718,869.66663319
449502.622006,355.710097547,787.543012054,203.574092375,897.12167443,633.813274794,976.407974915
376545.204817,163.916676376,62.1973138776,123.236401216,149.194590133,532.849084479,461.972584129
347036.059678,323.889107676,232.663532695,414.754841779,404.004753657,755.033227338,31.8097441767
376793.91696,156.617909879,245.807011995,440.367251633,47.9044750446,710.238315978,727.150473449
390478.089624,272.292138922,223.502300708,622.586421029,72.5981881394,655.525846149,270.94376873
317460.8154,523.827974777,52.6028825787,533.270142186,628.024640943,716.378215309,889.62930265
265187.533551,117.940730456,534.465694578,671.413765503,378.503066925,711.576878964,959.113624837
494041.472565,58.3858692188,935.565246139,531.173555886,829.147181043,690.253183475,942.847220635
347582.614135,241.010588743,152.444834355,566.427057347,415.604587306,708.958769312,153.797808532
297603.985971,259.480424081,286.372194486,153.079439952,884.804697302,742.844865716,833.937538888
453158.698559,338.479113782,154.207686587,421.261362654,185.037705318,736.178931978,197.545967359
264007.902433,247.549802026,597.093226234,591.832532656,488.534440134,477.456630115,820.093657874
274945.065284,258.800639586,527.03719083,110.258594378,774.745582282,754.027052113,453.527685765
281657.790946,412.569534486,123.981366748,582.228760228,176.254785803,477.481825707,628.332969267
382529.991949,745.779453316,265.264334053,702.242543877,379.322695741,672.346108014,954.941127425
358189.840317,591.06172304,135.279788039,514.953044436,321.094045528,683.925745194,424.368860762
413237.458078,218.912525349,122.333442709,45.3557535151,253.947993373,550.615903375,860.360972512
294895.582378,223.738218922,342.416741141,676.468572422,544.901511768,39.6985019123,943.073825216
328217.20449,314.163949245,21.7320263673,108.959171791,682.65164002,541.799802435,795.810072991
385151.596795,400.82246604,169.961675924,39.9241713342,458.031832773,725.877197508,76.7029782638
275382.24877,341.288403163,301.83016142,543.120904349,123.469766047,153.080991678,936.450072194
364335.533748,478.077845737,708.826168922,93.8546683213,881.332724563,712.104966064,625.716606465
318851.217063,48.4329606168,376.068706148,721.900822151,541.204221554,333.682450565,896.880949015
255022.642405,325.2350267,227.373462374,60.0339581153,768.202808139,619.092510375,566.955479015
337695.688813,378.9396612,277.7486645,755.323660979,48.2520371571,5.80830562121,949.482712697
378591.476098,194.654501096,361.838514585,280.307151316,353.131866054,52.1859912653,611.359724414
317559.205526,663.526253307,474.675140037,439.918237556,808.624473651,736.588519235,786.094969657
298515.871076,488.52466154,334.219070515,638.242583832,462.753503681,664.029740827,915.346308572
369464.312945,620.076120437,169.029995862,671.388846447,538.812349541,740.938243005,635.543206603
332789.993281,270.296506511,47.8515495298,453.868697551,404.232703857,743.648438429,648.835093084
311683.639467,332.787807836,154.483793182,22.2636749188,908.679615613,622.002241986,764.365964027
254222.567736,299.589226745,413.567904556,457.098795726,258.67312479,167.65324985,860.273468689
346615.065162,409.744074647,147.893387697,723.722040711,516.665126371,676.444446388,693.14024198
329424.554528,245.396713419,504.074932664,398.167339536,401.140358974,379.680643347,422.836920717
356924.622493,572.170454005,2.87066626685,682.854579463,43.8935861721,343.073286109,857.8099606
289345.749683,323.429685154,351.678968857,494.04509166,506.353281884,659.55624261,338.637418962
386727.603462,178.644080687,189.335945598,483.767029411,187.648473599,698.901969227,381.285586874
319163.634923,387.5513413,341.143749183,637.397468813,352.001010293,729.383275651,513.758261955
304761.683921,2.35877792461,607.156773426,429.455899507,492.034811901,415.770702825,749.526871906
307071.224824,426.303532408,398.515990002,463.902151891,524.915325568,537.051993824,683.731115342
226645.873614,541.816412589,240.656375088,144.275172812,797.777050759,676.148698972,503.31013125
372004.345872,274.180128869,0.42953721882,602.627014195,320.475527398,772.540129265,824.677277349
314303.552637,399.41040712,40.1582267288,218.497140505,398.654402412,589.27430078,675.785147265
432072.208376,81.5477491641,367.466598355,38.2928504569,621.129104621,321.699326333,888.156049256
298483.254303,119.707951564,532.060197806,705.647785892,452.682340573,596.602109721,631.368690269
399556.529088,396.801055679,92.3582093772,680.874133669,45.9604076316,622.544595334,983.515836778
307606.675773,223.764067159,250.447326018,568.189322766,22.7155313685,522.943030162,613.260023822
456737.000085,93.2414438794,57.6475926516,337.09216784,92.611318105,545.170539306,236.188149002
293629.817195,133.59638668,402.46087975,408.425451271,286.021960412,614.44383726,891.943226235
340273.930337,21.7282699831,73.7577419765,516.379650053,513.03918981,619.697671687,386.638962526
242106.636685,148.918085066,377.829070294,604.185408839,415.58255948,344.403283253,809.438670389
388713.230511,52.4651850654,216.431368887,213.332022767,308.554019089,579.19967645,873.538846967
228911.046417,596.473367123,295.450025545,291.514795034,710.003769358,479.422067849,907.27711466
262375.636071,357.185169543,233.390775529,603.700910263,394.27561027,388.183811838,986.714554894
374850.222145,296.512382514,71.7306551633,363.896641918,372.312203747,400.098279694,398.208196722
279151.259035,252.985918015,55.0682149302,685.080362564,212.397415991,420.698112574,661.129892326
364340.404322,385.220869107,80.1910254817,651.359135732,160.684781066,699.20448158,666.834246771
288725.229078,412.715593431,598.150220434,783.14312828,183.267833387,203.184510487,994.275415834
447091.064466,18.8901658772,269.022838257,68.0794090722,267.802583775,191.842839926,772.965256127
316547.708331,256.980215803,162.389402697,469.239590665,614.985624708,704.746573491,842.805897241
367244.570942,331.400650409,131.406001363,733.1025946,205.132315115,711.687292205,913.329871
377902.323001,157.949371007,276.755266148,56.674454982,858.427024039,702.149128661,972.851875888
407825.201999,546.296304896,609.652265444,583.559972418,724.457141676,606.319007478,745.334474467
410490.043956,376.120390075,30.913781587,441.174544604,237.885374576,650.998288333,275.056088828
238650.208888,510.282833796,356.704542052,87.2911018428,788.842087654,695.467924516,573.288673103
298125.867457,383.879455983,10.4582417829,229.188059353,484.919229998,721.996000865,367.53252774
291390.384103,125.33521992,485.365052117,383.495441812,408.394307675,650.987915501,486.369939077
319700.849628,417.662468503,495.345176047,663.969764531,56.4160985905,744.189294437,163.876270991
403434.026385,29.296532558,357.845482162,544.856628158,698.867244776,730.06428123,941.702417733
415799.580239,132.117773292,168.298426464,397.430436655,127.017300824,216.730569324,357.103399689
253013.948182,367.161633053,391.748250077,230.230723546,840.097895739,629.377904708,802.258950487
393717.516605,24.5269409983,236.937876675,253.013516914,618.19832145,315.666803125,1004.59397191
381368.272707,109.62443953,376.447376576,697.756916752,687.779620503,544.260058847,963.365992861
369368.470648,77.3329508128,651.82957931,404.04945146,658.94425742,175.678270059,962.652097233
